주소,병원분류명,병원경도,병원위도,행정구역,geometry
서울특별시 송파구 백제고분로 407 (송파동 지하 2층~7층),병원,127.10988446110888,37.507591908762606,송파구,POINT (965521.080513015 1945440.058205059)
서울특별시 송파구 백제고분로 457  (방이동),의원,127.1126776840137,37.5114880183417,송파구,POINT (965769.7294026065 1945871.2863868375)
서울특별시 송파구 거마로 61 401호 (마천동 한스어반타워),의원,127.14641637286104,37.49847375078677,송파구,POINT (968746.0290496844 1944415.7013897363)
서울특별시 송파구 마천로 295-1 메디파크빌딩 23층 (마천동),의원,127.1491984755,37.49627902390001,송파구,POINT (968991.0380283073 1944171.2913041278)
서울특별시 송파구 충민로2길 24 (장지동 리더스플라자 401호),의원,127.1272794214752,37.47762103442265,송파구,POINT (967045.3099623396 1942108.7644814192)
서울특별시 송파구 송파대로 111 205동 412415호 (문정동 파크하비오),의원,127.124913859704,37.4796683841344,송파구,POINT (966837.0590068853 1942336.7338186929)
서울특별시 송파구 충민로2길 24 (장지동),의원,127.12728398593956,37.47764625761422,송파구,POINT (967045.7246144003 1942111.5612164286)
서울특별시 송파구 송이로 123 국립경찰병원 (가락동),종합병원,127.123487935032,37.49641321356079,송파구,POINT (966718.4162611318 1944194.9593279923)
서울특별시 송파구 석촌호수로 118 잠실청호빌딩 4~5층 (잠실동),의원,127.0900237373,37.5074393256,송파구,POINT (963765.6824845063 1945430.5924096282)
서울특별시 송파구 오금로 551 208동 B02호 (거여동 e편한세상 송파 파크센트럴),의원,127.14337682273292,37.49386432833995,송파구,POINT (968475.4186395841 1943905.3312899137)
서울특별시 송파구 마천로 264 4층 (거여동 흥일빌딩),의원,127.14783888888888,37.49687222222222,송파구,POINT (968871.1037408131 1944237.5513560418)
서울특별시 송파구 중대로 80 문정프라자 3층 (문정동),의원,127.11784451376074,37.49176257607539,송파구,POINT (966217.4723994153 1943681.0132503754)
서울특별시 송파구 동남로4길 36 (문정동 FI빌딩 2층),의원,127.124584820279,37.4870676299411,송파구,POINT (966811.2402866094 1943157.7439346863)
서울특별시 송파구 오금로 95 국제빌딩 지하1층 2~8층 (방이동),의원,127.10769920017124,37.513785621381885,송파구,POINT (965330.808416207 1946128.013432428)
서울특별시 송파구 가락로 111 (석촌동),의원,127.1083420843,37.5015529959,송파구,POINT (965381.9743614207 1944770.6468993893)
서울특별시 송파구 동남로 211 3층 (가락동 영남빌딩),의원,127.13124086808912,37.496347190643135,송파구,POINT (967403.7064600842 1944184.921395399)
서울특별시 송파구 올림픽로35길 137 한국광고문화회관 3층 (신천동),의원,127.099643159822,37.5159272595028,송파구,POINT (964619.8719513644 1946368.6135005478)
서울특별시 송파구 송파대로 404-1 3층 (송파동),의원,127.1093173217,37.5033685242,송파구,POINT (965469.010557029 1944971.7094357077)
서울특별시 송파구 마천로5길 4 삼대양빌딩 4층 (오금동),의원,127.12675990102846,37.508715676511,송파구,POINT (967013.0540233625 1945558.6833239186)
서울특별시 송파구 송파대로 201 송파 테라타워2 B동 205호 (문정동),의원,127.120632436446,37.4878286680079,송파구,POINT (966462.1667912097 1943243.576480567)
서울특별시 송파구 올림픽로 424 국민체력센터의원 (방이동),의원,127.1284651599177,37.517102177410784,송파구,POINT (967167.4393028808 1946488.5146078719)
서울특별시 송파구 법원로 114 C동 2층 201~202호 (문정동 엠스테이트),의원,127.11986239995856,37.48583141057807,송파구,POINT (966393.1970749352 1943022.269281651)
서울특별시 송파구 마천로41길 20 (마천동 2층),의원,127.1496070504,37.497017332,송파구,POINT (969027.4588858224 1944253.0669851538)
서울특별시 송파구 송파대로 111 (문정동 파크하비오 하비오타워 법조대로 205동 304호),의원,127.12265059395898,37.48160108888428,송파구,POINT (966637.8127273071 1942551.9532223793)
서울특별시 송파구 송파대로 374 메디포레 2층 (송파동),의원,127.1112188124,37.5013304772,송파구,POINT (965636.1428655912 1944744.9056629587)
서울특별시 송파구 위례광장로 230 제상가3 제C동 2층 203205206호 (장지동 위례2차아이파크),의원,127.143758763103,37.4786171055932,송파구,POINT (968502.7805906007 1942213.6316562383)
서울특별시 송파구 송파대로 438 녹십초빌딩 23층 (송파동),의원,127.107019269988,37.5059260588638,송파구,POINT (965267.0783522836 1945256.296744854)
서울특별시 송파구 올림픽로 212 207호208호 (잠실동 갤러리아팰리스),의원,127.09355372867176,37.51149365431481,송파구,POINT (964079.6126895624 1945879.0406233186)
서울특별시 송파구 오금로 506 (거여동 일동빌딩 5층),의원,127.14482449170002,37.49280747715756,송파구,POINT (968602.946915871 1943787.5971246043)
서울특별시 송파구 오금로32길 35 2층 201호 (송파동),의원,127.11878140380703,37.50357202416206,송파구,POINT (966305.6003093341 1944990.8558730874)
서울특별시 송파구 충민로2길 24 (장지동 리더스프라자 2층),의원,127.12717649763088,37.47759446104806,송파구,POINT (967036.1980788995 1942105.852380898)
서울특별시 송파구 송파대로 145 문정 오벨리스크 312~314호 (문정동),의원,127.1230458545,37.4833634876,송파구,POINT (966673.5414033924 1942747.3389413757)
서울특별시 송파구 마천로 41 (방이동 5층),의원,127.12551865058398,37.50907199131732,송파구,POINT (966903.509268322 1945598.649964527)
서울특별시 송파구 송파대로 441 401호 (석촌동 청호빌딩),의원,127.1061676968,37.5058077145,송파구,POINT (965191.7582728565 1945243.481862587)
서울특별시 송파구 송파대로 111 205동 313호 (문정동 파크하비오),의원,127.12491204910002,37.4796673949,송파구,POINT (966836.898486002 1942336.6247078667)
서울특별시 송파구 마천로57길 4 (마천동 2층),의원,127.15210885980017,37.49440121314019,송파구,POINT (969247.5311479096 1943962.0063456239)
서울특별시 송파구 동남로 138 (문정동),의원,127.1262428071391,37.491123195595705,송파구,POINT (966959.6022988261 1943607.0975782804)
서울특별시 송파구 중대로 80 (문정동 엘지트윈리젠시 3층),의원,127.11781944444444,37.49166388888889,송파구,POINT (966215.2118136605 1943670.073581871)
서울특별시 송파구 올림픽로35가길 9 2층 (신천동 잠실푸르지오월드마크 ),의원,127.10357798467008,37.51744017278381,송파구,POINT (964968.3069630187 1946534.9891858518)
서울특별시 송파구 오금로31길 3 2층 (방이동 우성빌딩),의원,127.121129516559,37.506521325122485,송파구,POINT (966514.4587972087 1945317.2231454644)
서울특별시 송파구 양재대로 1222 중심상가동 3층 14호 (방이동 올림픽선수기자촌@ ),의원,127.1324510627848,37.515482595512566,송파구,POINT (967518.9731363992 1946307.448896148)
서울특별시 송파구 올림픽로 108 (잠실동),의원,127.08276934302116,37.51141985672251,송파구,POINT (963126.4834385858 1945875.0248993977)
서울특별시 송파구 올림픽로 100 효창타워 5층 1호 (잠실동),의원,127.081689148468,37.5114162901687,송파구,POINT (963031.0170830527 1945875.0530758824)
서울특별시 송파구 석촌호수로 234 (석촌동),의원,127.10278709070424,37.50769109991824,송파구,POINT (964893.8495221217 1945453.6869874059)
서울특별시 송파구 삼전로 99 (잠실동 2층),의원,127.09013781299248,37.50729236836091,송파구,POINT (963775.6936977641 1945414.2445361395)
서울특별시 송파구 올림픽로 118 (잠실동),의원,127.08385862029127,37.51147224766709,송파구,POINT (963222.7764434523 1945880.411023463)
서울특별시 송파구 송파대로 380 (송파동),의원,127.11082916027298,37.501664208819,송파구,POINT (965601.8549922941 1944782.0733083)
서울특별시 송파구 송파대로 345 1A동 3041호일부3042호 (가락동 헬리오시티),의원,127.11046300069158,37.50108611288404,송파구,POINT (965569.2251854548 1944718.0713088878)
서울특별시 송파구 송이로 87 (가락동 2층),의원,127.12084714662925,37.49833598151866,송파구,POINT (966485.8435907107 1944409.2144450054)
서울특별시 송파구 양산로 42 (거여동 2층),의원,127.14450632300652,37.49259072418917,송파구,POINT (968574.7303082028 1943763.656056171)
서울특별시 송파구 송파대로32길 15 (가락동 금호상가 208호),의원,127.1157577651,37.4965832221,송파구,POINT (966035.186345269 1944216.58200139)
서울특별시 송파구 오금로 504 (거여동),의원,127.14461981108354,37.49280322285884,송파구,POINT (968584.8515729308 1943787.193428739)
서울특별시 송파구 마천로41길 22 (마천동),의원,127.14990555555553,37.496944444444445,송파구,POINT (969053.8148796972 1944244.882426742)
서울특별시 송파구 올림픽로 509 (풍납동 J빌딩 302호),의원,127.1184173000612,37.52783734619158,송파구,POINT (966284.3369987888 1947683.0679852602)
서울특별시 송파구 송이로 87 (가락동 3층),의원,127.1207951134,37.4983405465,송파구,POINT (966481.246281789 1944409.7394279828)
서울특별시 송파구 마천로 29 5층 (방이동),의원,127.1242424554,37.509531057,송파구,POINT (966790.9226781942 1945650.0299259347)
서울특별시 송파구 법원로 128 문정에스케이브이원지엘메트로시티 A동 315~317호 (문정동),의원,127.12046907929998,37.48686205359999,송파구,POINT (966447.2928936642 1943136.3955460119)
서울특별시 송파구 올림픽로 116 메디시티4층 (잠실동),의원,127.08349087115369,37.51135448292844,송파구,POINT (963190.2179851662 1945867.4895804548)
서울특별시 송파구 오금로46길 33 (가락동),의원,127.13422788190836,37.49471121136569,송파구,POINT (967667.0378103098 1944002.390461099)
서울특별시 송파구 올림픽로 119 파인애플상가동 3층 B06호 (잠실동 잠실파인애플상가),의원,127.08418842973086,37.5120856031269,송파구,POINT (963252.2247823677 1945948.3300427215)
서울특별시 송파구 거마로22길 49 2층 (마천동 범양빌딩),의원,127.15196812305564,37.49693682512,송파구,POINT (969236.1305616328 1944243.3609773195)
서울특별시 송파구 거마로 49 초림빌딩 (거여동),의원,127.14598475516088,37.49750480284919,송파구,POINT (968707.4730351514 1944308.3466577632)
서울특별시 송파구 송이로 76 뉴스타트병원 (가락동),병원,127.11948453460472,37.49911314029309,송파구,POINT (966365.747427282 1944495.92103847)
서울특별시 송파구 백제고분로 279 송파동산빌딩 B12~5 층 (석촌동),의원,127.097668980012,37.5027264915884,송파구,POINT (964439.1480713672 1944904.8179131167)
서울특별시 송파구 석촌호수로 142 3층 (삼전동),의원,127.09482065732138,37.5067778324928,송파구,POINT (964189.3273414747 1945355.3677572287)
서울특별시 송파구 백제고분로7길 53 AW TOWER 6층 (잠실동),의원,127.084849038691,37.5109389631056,송파구,POINT (963310.0457633818 1945820.859848405)
서울특별시 송파구 올림픽로35길 123 2층 206호 (신천동 향군타워),의원,127.101224008613,37.51657725057877,송파구,POINT (964759.8801491791 1946440.1325717063)
서울특별시 송파구 올림픽로 116 4층 (잠실동),의원,127.08351394731824,37.51140423973924,송파구,POINT (963192.2818285334 1945873.0007538693)
서울특별시 송파구 송파대로 382 3층 (송파동 송파두성빌딩),의원,127.110690353258,37.50187878487567,송파구,POINT (965589.6845033551 1944805.9298364066)
서울특별시 송파구 올림픽로35가길 9 225호226호 (신천동 잠실 푸르지오 월드마크),의원,127.1034468301007,37.51748353587248,송파구,POINT (964956.7371034387 1946539.8488909912)
서울특별시 송파구 송파대로 111 (문정동 파크하비오 하비오타워 법조대로 205동 401~419호),의원,127.12281345383936,37.481633357856886,송파구,POINT (966652.2258786717 1942555.4755432953)
서울특별시 송파구 올림픽로 240 롯데호텔월드 지하1층 일부호 (잠실동),의원,127.098141751177,37.5113096112036,송파구,POINT (964485.0015998483 1945856.880595052)
서울특별시 송파구 풍성로 52 (풍납동 대아아파트),의원,127.11806007034797,37.53382390122027,송파구,POINT (966255.4701658685 1948347.3676470497)
서울특별시 송파구 동남로 217 2층 (가락동 동희빌딩),의원,127.13173917125675,37.4967647028125,송파구,POINT (967447.9351242736 1944231.0690712638)
서울특별시 송파구 백제고분로 364 대신빌딩 5층 (석촌동),의원,127.106846702056,37.5045912862017,송파구,POINT (965251.2075088305 1945108.276203413)
서울특별시 송파구 마천로 29 6층 (방이동),의원,127.124243586707,37.5095312359703,송파구,POINT (966791.0227416421 1945650.0493822503)
서울특별시 송파구 올림픽로35길 112 장미상가 B동 224225232233호 (신천동),의원,127.101802779596,37.5178827571707,송파구,POINT (964811.6397999855 1946584.7536245366)
서울특별시 송파구 송이로 200 2층 (문정동 대진빌딩),의원,127.127982264496,37.490000471382096,송파구,POINT (967112.8798777343 1943481.9299954218)
서울특별시 송파구 마천로 43 (방이동),의원,127.1256756862,37.5089781262,송파구,POINT (966917.3466299011 1945588.181024578)
서울특별시 송파구 중대로 193 2367층 (가락동 주식회사홈캐스트),의원,127.1257862041,37.499348068,송파구,POINT (966922.8658353807 1944519.751365938)
서울특별시 송파구 오금로 420 유니팜코리아 4층 일부호 (가락동),의원,127.136277101616,37.4969894018022,송파구,POINT (967849.1589027605 1944254.4381486883)
서울특별시 송파구 법원로 128 문정에스케이브이원지엘메트로시티 B동 316317호 (문정동),의원,127.1204690793,37.4868620536,송파구,POINT (966447.2928936642 1943136.3955460126)
서울특별시 송파구 송파대로 111 205동 312호 (문정동 파크하비오 하비오타워 법조대로),의원,127.12268676757306,37.48159744779,송파구,POINT (966641.0092995088 1942551.5364520252)
서울특별시 송파구 송파대로 345 1A동 2040호 일부2041호 2042호 (가락동 헬리오시티),의원,127.10253282307022,37.49761537952875,송파구,POINT (964866.6559238195 1944335.9473045534)
서울특별시 송파구 올림픽로 119 2층 B1B2호 (잠실동 잠실파인애플상가),의원,127.0845420831779,37.5120733657522,송파구,POINT (963283.4734178539 1945946.8343208025)
서울특별시 송파구 올림픽로 108 맥스빌딩 3층 (잠실동),의원,127.0827670683,37.5114270726,송파구,POINT (963126.2859549393 1945875.8263464412)
서울특별시 송파구 올림픽로 96 (잠실동),의원,127.0812152828,37.51146419,송파구,POINT (962989.1617997548 1945880.553545454)
서울특별시 송파구 올림픽로 289 잠실시그마타워 3층 309310호 (신천동),의원,127.102522142353,37.5146152773177,송파구,POINT (964873.6780487178 1946221.9786796113)
서울특별시 송파구 송파대로 365 2층3층 (석촌동),의원,127.111095312,37.5004115678,송파구,POINT (965624.8055176149 1944643.003898264)
서울특별시 송파구 법원로 128 문정에스케이브이원지엘메트로시티 B동 203~206호 (문정동),의원,127.120489970866,37.4868456339581,송파구,POINT (966449.1324915846 1943134.5664557351)
서울특별시 송파구 올림픽로37길 130 파크리오 A동 303호304호 (신천동),의원,127.10455146304984,37.52086214049081,송파구,POINT (965055.9291473682 1946914.2728740529)
서울특별시 송파구 마천로 35 2층 (방이동),의원,127.12488049730496,37.50930990880092,송파구,POINT (966847.2145875684 1945625.2699936912)
서울특별시 송파구 송파대로 345 A동 5층 5001500250035004일부5011호 (가락동 헬리오시티),의원,127.1115504586476,37.49924343545556,송파구,POINT (965664.5011035703 1944513.2412928692)
서울특별시 송파구 동남로 138 (문정동 문정클리닉 2층),의원,127.12628874333498,37.491028975861504,송파구,POINT (966963.6216084019 1943596.6284276943)
서울특별시 송파구 올림픽로 119 (잠실동 파인애플상가 4B 29호),의원,127.08418842973086,37.5120856031269,송파구,POINT (963252.2247823677 1945948.3300427215)
서울특별시 송파구 백제고분로 460 쿠피아타워 4층 (방이동),의원,127.113331548837,37.5114786473939,송파구,POINT (965827.5117789843 1945870.0090689866)
서울특별시 송파구 백제고분로7길 14 24층 (잠실동 태원빌딩),의원,127.0804765495,37.51027537,송파구,POINT (962923.286586599 1945748.9523826386)
서울특별시 송파구 백제고분로 409 천마빌딩 3층 (송파동),의원,127.1100204307,37.507761171,송파구,POINT (965533.1755545664 1945458.7869316596)
서울특별시 송파구 석촌호수로 135 레이크팰리스 상가A동 401호 (잠실동),의원,127.0923854442,37.5075708508,송파구,POINT (963974.4778152636 1945444.277500409)
서울특별시 송파구 올림픽로 106 (잠실동 10층),의원,127.08255439190562,37.51139478532904,송파구,POINT (963107.4743155888 1945872.327646496)
서울특별시 송파구 백제고분로 204 (삼전동 5층),의원,127.08923668758705,37.5037494063397,송파구,POINT (963694.3346493329 1945021.5232324982)
서울특별시 송파구 송파대로 155 NH송파농협 3층 (문정동),의원,127.122680698866,37.48408106974605,송파구,POINT (966641.5769710325 1942827.0789468992)
서울특별시 송파구 올림픽로 114 서경빌딩 9층 (잠실동),의원,127.08318778538232,37.51139073693494,송파구,POINT (963163.4499009212 1945871.6303444977)
서울특별시 송파구 올림픽로37길 130 파크리오 A동 5층 508509호 (신천동),의원,127.104421421949,37.5208819816451,송파구,POINT (965044.4471884519 1946916.522438695)
서울특별시 송파구 올림픽로 145 (잠실동 리센츠상가 4층 4B3호 4B17호),의원,127.08704389876652,37.51197787721744,송파구,POINT (963504.5284863678 1945935.2671458847)
서울특별시 송파구 석촌호수로 94 한주빌딩 3층 (잠실동),의원,127.087502519912,37.5081396789026,송파구,POINT (963543.1931083273 1945509.265887132)
서울특별시 송파구 송파대로 562 4층 (신천동 웰리스타워삼성웰리스아파트),의원,127.099502662936,37.5153235254771,송파구,POINT (964607.1708563988 1946301.6858917645)
서울특별시 송파구 위례성대로 6 (방이동 현대토픽스 3층 301호),의원,127.11315120723508,37.51684033173274,송파구,POINT (965814.0194870132 1946464.9189748578)
서울특별시 송파구 양재대로 1164 홍일빌딩 502호503호 (오금동),의원,127.128258090026,37.5110472091949,송파구,POINT (967146.4863076925 1945816.8274264587)
서울특별시 송파구 송파대로 404-1 2층 (송파동),의원,127.1092315168,37.5034695162,송파구,POINT (965461.473073757 1944982.945316888)
서울특별시 송파구 거마로 61 강동중앙의원 2층 (마천동),의원,127.14641603571,37.4984748324042,송파구,POINT (968745.9996989224 1944415.8214997528)
서울특별시 송파구 마천로41길 5 자매빌딩 201호 (마천동),의원,127.148131799561,37.4973321103558,송파구,POINT (968897.186081098 1944288.4759551813)
서울특별시 송파구 성내천로 260 (마천동),의원,127.15399104138665,37.49740453054817,송파구,POINT (969415.1353732955 1944294.5904164156)
서울특별시 송파구 올림픽로 119 3층 3A10호 3A10-1호 (잠실동 파인애플상가),의원,127.08464157320682,37.51203365192579,송파구,POINT (963292.2465431687 1945942.3895059028)
서울특별시 송파구 송파대로 422 (송파동 안흥빌딩 2층 2호`),의원,127.10789097494307,37.50506651354008,송파구,POINT (965343.725460119 1945160.6144620809)
서울특별시 송파구 올림픽로 119 잠실파인애플상가 3A층 13호 (잠실동),의원,127.0842299720129,37.51213124849863,송파구,POINT (963255.9185182129 1945953.3778822438)
서울특별시 송파구 송파대로28길 27 102동 211212호 (가락동 송파성원쌍떼빌),의원,127.12009296353344,37.49488500287311,송파구,POINT (966417.634111572 1944026.6205900284)
서울특별시 송파구 삼전로 77 성원빌딩 2층 (잠실동),의원,127.08872771116675,37.505620276377925,송파구,POINT (963650.2552287013 1945229.2805367548)
서울특별시 송파구 송파대로 438 4층 (송파동),의원,127.1070183649,37.5059258795,송파구,POINT (965266.9982742197 1945256.2771796784)
서울특별시 송파구 마천로 30 201호 (방이동 코오롱아파트 A상가 ),의원,127.12404287394722,37.50921771727911,송파구,POINT (966773.1449097077 1945615.3373948645)
서울특별시 송파구 법원로 114 C동 203호 (문정동 엠스테이트),의원,127.1210105111,37.4860541974,송파구,POINT (966494.797955584 1943046.5767118908)
서울특별시 송파구 중대로 68 4층 405호 (문정동 훼미리 샤르망),의원,127.1164375286,37.4915657496,송파구,POINT (966093.0055145965 1943659.6825656071)
서울특별시 송파구 동남로 189 4층 403호 (가락동 가락쌍용아파트 프라자상가),의원,127.12995413555328,37.49469752178148,송파구,POINT (967289.246403556 1944002.3482989792)
서울특별시 송파구 송파대로 167 문정역테라타워 A동 301302319-1호 (문정동),의원,127.12055705790934,37.48467382791447,송파구,POINT (966454.092308542 1942893.5958476295)
서울특별시 송파구 동남로 138 삼원빌딩 145층 (문정동),의원,127.1262428071391,37.491123195595705,송파구,POINT (966959.6022988261 1943607.0975782804)
서울특별시 송파구 송파대로 201 송파 테라타워2 B동 206호 (문정동),의원,127.120685887596,37.4877387829749,송파구,POINT (966466.8519574173 1943233.5853206776)
서울특별시 송파구 석촌호수로 60 2층 (잠실동 승정빌딩),의원,127.08549458616856,37.51088452748471,송파구,POINT (963367.0712136291 1945814.5690401837)
서울특별시 송파구 석촌호수로 58 (잠실동),의원,127.08547750146845,37.51108521203789,송파구,POINT (963365.6593901645 1945836.8403600128)
서울특별시 송파구 가락로18길 8 2~3층 (송파동),의원,127.11129599807236,37.50152141767686,송파구,POINT (965643.052723914 1944766.061056445)
서울특별시 송파구 송파대로 381 (석촌동 5층),의원,127.11010162332786,37.50142251866952,송파구,POINT (965537.437900923 1944755.5255567727)
서울특별시 송파구 송파대로 562 238층 (신천동 한빛프라자삼성웰리스아파트),병원,127.09950300358985,37.51532451630079,송파구,POINT (964607.201428785 1946301.7956891996)
서울특별시 송파구 중대로 80 (문정동 LG문정프라자 3층),의원,127.11784451376074,37.49176257607539,송파구,POINT (966217.4723994153 1943681.0132503754)
서울특별시 송파구 마천로41길 9 2층 (마천동),의원,127.14876610033463,37.497220219292174,송파구,POINT (968953.2079212796 1944275.8529944245)
서울특별시 송파구 올림픽로35다길 42 2층 202호 (신천동 한국루터회관),의원,127.10291503978374,37.51532423473071,송파구,POINT (964908.7316892417 1946300.4863670235)
서울특별시 송파구 송파대로 111 205동 411412호 (문정동 파크하비오 하비오타워),의원,127.12299456695088,37.48176651997287,송파구,POINT (966668.2976442747 1942570.1848078705)
서울특별시 송파구 백제고분로 210 3층 (삼전동 백영빌딩),의원,127.08986527624629,37.50356512474248,송파구,POINT (963749.8041416315 1945000.8360811188)
서울특별시 송파구 법원로 114 엠스테이트 C동 204호 (문정동),의원,127.1210105111,37.4860541974,송파구,POINT (966494.797955584 1943046.5767118908)
서울특별시 송파구 백제고분로48길 27 (방이동 4층),의원,127.11610620965068,37.51093333230469,송파구,POINT (966072.4813211621 1945808.5058149546)
서울특별시 송파구 법원로 128 문정에스케이브이원지엘메트로시티 B동 301302호 (문정동),의원,127.1204690793,37.4868620536,송파구,POINT (966447.2928936642 1943136.3955460126)
서울특별시 송파구 백제고분로 216 401호 (삼전동),의원,127.09210824135911,37.5028822371073,송파구,POINT (963947.7235208214 1944924.2125654395)
서울특별시 송파구 송파대로 398 (송파동 3층),의원,127.10961992485744,37.50303306984374,송파구,POINT (965495.6022553262 1944934.382008017)
서울특별시 송파구 정의로8길 7 한스빌딩 1~4층 (문정동),병원,127.1159226744,37.4862142723,송파구,POINT (966045.0699066807 1943066.1587348692)
서울특별시 송파구 송파대로 345 1A동 4층 4001호4002호 (가락동 헬리오시티),의원,127.111686459795,37.49944152822618,송파구,POINT (965676.6131213353 1944535.1687515925)
서울특별시 송파구 송파대로 98 선도빌딩 5층6층 일부호 (문정동),의원,127.12618288343664,37.479698480911225,송파구,POINT (966949.2723988382 1942339.6266526838)
서울특별시 송파구 양산로 40 401501호 (거여동),의원,127.144392411159,37.492403370911,송파구,POINT (968564.5820645642 1943742.9085445367)
서울특별시 송파구 석촌호수로 142 5층 501호 (삼전동),의원,127.092769576537,37.5069644438398,송파구,POINT (964008.1369513914 1945376.8535908149)
서울특별시 송파구 송파대로 284 205호 (가락동 소석빌딩),의원,127.1172884029228,37.49480132393273,송파구,POINT (966169.6827008533 1944018.3412693257)
서울특별시 송파구 가락로 120 (석촌동 중동빌딩 4층),의원,127.10921742187816,37.50154317319288,송파구,POINT (965459.3398588323 1944769.2355171472)
서울특별시 송파구 송파대로 378 2층 (송파동 세호빌딩),의원,127.11094211488044,37.50157129922889,송파구,POINT (965611.7962858609 1944771.7243293195)
서울특별시 송파구 올림픽로 145 리센츠 제C동 3층 04호 (잠실동),의원,127.087041904838,37.5119804600106,송파구,POINT (963504.3535274552 1945935.5544637023)
서울특별시 송파구 석촌호수로 80 송천빌딩 (잠실동),의원,127.08632500777108,37.509114351011846,송파구,POINT (963439.5986914582 1945617.8563348795)
서울특별시 송파구 백제고분로 162 2층 (잠실동),의원,127.08460277777776,37.50505277777778,송파구,POINT (963285.398994638 1945167.921581617)
서울특별시 송파구 위례성대로 102 (방이동 2층),의원,127.12301814744204,37.51333456836984,송파구,POINT (966684.409792123 1946072.437523221)
서울특별시 송파구 올림픽로 300 롯데월드타워앤드롯데월드몰 월드타워동 11층 (신천동),의원,127.10444609981752,37.51375250260386,송파구,POINT (965043.3022853123 1946125.5427862878)
서울특별시 송파구 백제고분로50길 31 (방이동 2층),의원,127.11812064421407,37.51342696485618,송파구,POINT (966251.635238871 1946084.4337300472)
서울특별시 송파구 가락로 277 (방이동),의원,127.1195241737052,37.51262817093243,송파구,POINT (966375.3134505315 1945995.3102104452)
서울특별시 송파구 백제고분로48길 27 302호 (방이동 성우빌딩),의원,127.1160830483,37.5109341116,송파구,POINT (966070.4347269577 1945808.600624305)
서울특별시 송파구 백제고분로 466 5층 (방이동),의원,127.11352278426044,37.51196914423056,송파구,POINT (965844.6361209785 1945924.3570795432)
서울특별시 송파구 송파대로36가길 22 (송파동 지하12345층),의원,127.11579933361448,37.49956664352578,송파구,POINT (966040.2118726992 1944547.5574952557)
서울특별시 송파구 양재대로 932 (가락동 가락동 농수산물도매시장),의원,127.11558895063146,37.49507987259585,송파구,POINT (966019.5828984092 1944049.8565018515)
서울특별시 송파구 석촌호수로 70 (잠실동),의원,127.08572971562845,37.51006870787386,송파구,POINT (963387.4529602921 1945723.967562491)
서울특별시 송파구 토성로 65 202-4호 (풍납동 태양상가),의원,127.11734631350116,37.52890966701606,송파구,POINT (966190.1910226034 1947802.4197979334)
서울특별시 송파구 올림픽로35길 112 1동 306호 (신천동 장미아파트비상가),의원,127.10151563849466,37.51771126510068,송파구,POINT (964786.1846837772 1946565.8351024531)
서울특별시 송파구 올림픽로35길 137 한국광고문화회관 12층 2호 (신천동),의원,127.099643159822,37.5159272595028,송파구,POINT (964619.8719513644 1946368.6135005478)
서울특별시 송파구 송파대로 558 3층 306호 (신천동 월드타워빌딩),의원,127.0997108238,37.5150936842,송파구,POINT (964625.4580780892 1946276.1081786472)
서울특별시 송파구 오금로11길 55 2층 (방이동 현대주상복합빌딩),의원,127.11329848098968,37.51549228977719,송파구,POINT (965826.4194654695 1946315.3088352715)
서울특별시 송파구 올림픽로 269 2층 221호 (신천동 롯데캐슬골드),의원,127.1006199010504,37.51439275045279,송파구,POINT (964705.4657191113 1946198.0026357993)
서울특별시 송파구 마천로 281 1층 (마천동),의원,127.14801054282786,37.49714548385195,송파구,POINT (968886.3903258394 1944267.8111013903)
서울특별시 송파구 백제고분로 386 2층 (송파동),의원,127.108956819714,37.5058889682158,송파구,POINT (965438.3089283478 1945251.4684128265)
서울특별시 송파구 마천로5길 6 가송빌딩 4~6층 (오금동),의원,127.12683823750504,37.50889038723622,송파구,POINT (967020.0542900859 1945578.038871042)
서울특별시 송파구 올림픽로 435 (신천동 파크리오B상가 411호),의원,127.11308435499258,37.52026333615219,송파구,POINT (965809.6735589589 1946844.7038770285)
서울특별시 송파구 오금로32길 35 (송파동),의원,127.11899351289809,37.50325105287633,송파구,POINT (966324.2036963127 1944955.17032289)
서울특별시 송파구 송파대로 345 1A동 5층 5012호 (가락동 헬리오시티),의원,127.11166381524856,37.49942352951747,송파구,POINT (965674.6033022486 1944533.1801738553)
서울특별시 송파구 올림픽로 100 6층 (잠실동 효창타워),의원,127.0816902803217,37.5114170101962,송파구,POINT (963031.1174682826 1945875.1325136386)
서울특별시 송파구 석촌호수로 61 트리지움상가 3층 (잠실동),의원,127.0862137284,37.5107001999,송파구,POINT (963430.5375237353 1945793.839336467)
서울특별시 송파구 올림픽로12길 5 정호빌딩 4층5층 (잠실동),의원,127.08309241619264,37.51106644256334,송파구,POINT (963154.8620202865 1945835.689293686)
서울특별시 송파구 송파대로28길 27 102동 215216호 (가락동 송파성원쌍떼빌),의원,127.12084060126988,37.495179201208025,송파구,POINT (966483.854228654 1944058.9934147168)
서울특별시 송파구 중대로 80 (문정동 LG문정프라자 3층),의원,127.11815765971431,37.49185178661654,송파구,POINT (966245.1947415652 1943690.798213005)
서울특별시 송파구 백제고분로 405 유니온테크송파빌딩 (송파동),병원,127.1096852190245,37.50746595330222,송파구,POINT (965503.4132054684 1945426.1572929432)
서울특별시 송파구 백제고분로36길 2-1 235층 (석촌동),의원,127.0997574076,37.502501207,송파구,POINT (964623.6325164009 1944879.0369870472)
서울특별시 송파구 백제고분로 69 23층 (잠실동 애플타워),의원,127.0790426478054,37.51053222343169,송파구,POINT (962796.687874827 1945778.0146081157)
서울특별시 송파구 거마로 62 301호 (마천동),의원,127.14701788943611,37.49841894339621,송파구,POINT (968799.1756869474 1944409.4213124418)
서울특별시 송파구 삼전로2길 11 (삼전동),병원,127.086157841705,37.5013402409902,송파구,POINT (963421.0316694587 1944755.434350205)
서울특별시 송파구 백제고분로 187 2층 205206호 (잠실동 파크인수),의원,127.08778118676908,37.50474520662763,송파구,POINT (963566.1723128186 1945132.5632794462)
서울특별시 송파구 백제고분로 365 태문빌딩 7층 (석촌동),의원,127.10629875216873,37.505190472205015,송파구,POINT (965203.0549506265 1945174.9544173328)
서울특별시 송파구 양재대로 1222 올림픽프라자 2층 703호 (방이동),의원,127.13106214421488,37.51572619570997,송파구,POINT (967396.3371906561 1946334.9551726081)
서울특별시 송파구 오금로 519 2층일부3층 (거여동),의원,127.14651816376002,37.4930969613738,송파구,POINT (968752.7864234191 1943819.1498275686)
서울특별시 송파구 법원로11길 11,의원,127.1185083020914,37.48466866621789,송파구,POINT (966272.9622577446 1942893.7551441805)
서울특별시 송파구 송파대로 111 205동 A311호 (문정동 파크하비오),의원,127.1249120491,37.4796673949,송파구,POINT (966836.898486002 1942336.6247078667)
서울특별시 송파구 송파대로 380 (송파동 5층),의원,127.11084915435512,37.5016760605239,송파구,POINT (965603.627678982 1944783.3808684538)
서울특별시 송파구 올림픽로 114 서경빌딩 (잠실동),의원,127.0831877854,37.5113907369,송파구,POINT (963163.4499024668 1945871.6303406144)
서울특별시 송파구 송파대로 562 9층 일부 호 (신천동 한빛프라자삼성웰리스아파트),의원,127.0995030036,37.5153245163,송파구,POINT (964607.2014296819 1946301.7956891083)
서울특별시 송파구 석촌호수로 160 301호 (삼전동 수연빌딩),의원,127.0947820713,37.5066895714,송파구,POINT (964185.8748406331 1945345.5904479017)
서울특별시 송파구 올림픽로 145 리센츠상가  5B22호5B23호 (잠실동),의원,127.087041904838,37.5119804600106,송파구,POINT (963504.3535274552 1945935.5544637023)
서울특별시 송파구 올림픽로 145 (잠실동 리센츠상가 3층 A36호 좌측일부  A37호),의원,127.0870431473,37.5119790175,송파구,POINT (963504.4626295732 1945935.3939444348)
서울특별시 송파구 오금로 508 (거여동 2층),의원,127.14506731466884,37.49289975127793,송파구,POINT (968624.4508222918 1943797.7533345344)
서울특별시 송파구 백제고분로 210 2층 (삼전동),의원,127.089854979646,37.5035609879437,송파구,POINT (963748.8920613602 1945000.38109662)
서울특별시 송파구 바람드리길 62 (풍납동 2층),의원,127.12233568116132,37.53663518382971,송파구,POINT (966634.4758907052 1948657.736831872)
서울특별시 송파구 올림픽로35길 112 1동 307308호 (신천동 장미아파트 비상가),의원,127.10193204753054,37.51781903134364,송파구,POINT (964823.0332341931 1946577.63530447)
서울특별시 송파구 오금로 247 (방이동 203호),의원,127.1208758865,37.50635580649999,송파구,POINT (966491.9682575337 1945298.9502289267)
서울특별시 송파구 중대로 80 (문정동 LG문정프라자 3층),의원,127.1178128882727,37.49177251172477,송파구,POINT (966214.6811721588 1943682.1268925187)
서울특별시 송파구 성내천로 212 2층 (마천동),의원,127.151182041019,37.5000178377774,송파구,POINT (969167.9123368589 1944585.4354469492)
서울특별시 송파구 정의로8길 4 KDG70타워 234층 (문정동),병원,127.115708745088,37.4856990154607,송파구,POINT (966025.9237585702 1943009.0717567361)
서울특별시 송파구 송파대로 167  B동 B208209210211호 (문정동 문정역테라타워),의원,127.1209313822,37.4846631223,송파구,POINT (966487.181029509 1942892.2748273124)
서울특별시 송파구 법원로 114 c층 219호 (문정동 엠스테이트빌딩 ),의원,127.11997086473085,37.485780845856745,송파구,POINT (966402.7635065529 1943016.6207669822)
서울특별시 송파구 올림픽로 106 6층 (잠실동 상록빌딩),의원,127.08255439190562,37.51139478532904,송파구,POINT (963107.4743155888 1945872.327646496)
서울특별시 송파구 석촌호수로 76 2층 (잠실동),의원,127.085828851348,37.5095338598213,송파구,POINT (963395.95327606 1945664.5910336562)
서울특별시 송파구 오금로 505 (거여동 201호),의원,127.14485013320528,37.49321380652639,송파구,POINT (968605.3836783472 1943832.6679992718)
서울특별시 송파구 석촌호수로 61 3층 308호 (잠실동 트리지움상가),의원,127.0862137284,37.5107001999,송파구,POINT (963430.5375237353 1945793.839336467)
서울특별시 송파구 석촌호수로 76 2층 (잠실동),의원,127.08582783217597,37.50953277936354,송파구,POINT (963395.8626745939 1945664.4715602708)
서울특별시 송파구 양재대로 1164 홍일빌딩 1층 (오금동),의원,127.128258090026,37.5110472091949,송파구,POINT (967146.4863076925 1945816.8274264587)
서울특별시 송파구 중대로 101 동부썬빌 2층 206호 (가락동),의원,127.119696726353,37.493398023453,송파구,POINT (966381.9415742806 1943861.7918186195)
서울특별시 송파구 송파대로 570 2층 (신천동 타워730),의원,127.0991145064,37.5157861567,송파구,POINT (964573.0871620071 1946353.1579741733)
서울특별시 송파구 올림픽로 106 상록빌딩 5층 일부호 (잠실동),의원,127.082554280386,37.5113962270067,송파구,POINT (963107.4651693947 1945872.4876351682)
서울특별시 송파구 동남로 236 (가락동 영빌딩 5층),의원,127.13351823174808,37.49753396657148,송파구,POINT (967605.526342888 1944315.7998514972)
서울특별시 송파구 송파대로 381 형제빌딩 2층 (석촌동),의원,127.110169891842,37.5014100277705,송파구,POINT (965543.4663419324 1944754.1147783415)
서울특별시 송파구 동남로 317 3층 (오금동),의원,127.13816187081984,37.50385368444984,송파구,POINT (968018.6891766764 1945015.341691338)
서울특별시 송파구 양재대로 932 관리업무동 5층 505호 (가락동 가락동 농수산물도매시장),의원,127.11559346839296,37.49507626423701,송파구,POINT (966019.980617362 1944049.4545480406)
서울특별시 송파구 중대로 24 1층 110호 (문정동 올림픽훼밀리타운),의원,127.11105902340194,37.48812547644068,송파구,POINT (965615.965833173 1943279.9588263866)
서울특별시 송파구 가락로 111 영보빌딩 2층 201호 (석촌동),의원,127.10834208427296,37.50155299592187,송파구,POINT (965381.9743590401 1944770.6469018252)
서울특별시 송파구 오금로 290 (가락동),병원,127.1247081321134,37.5039046938895,송파구,POINT (966829.5894714505 1945025.6578806036)
서울특별시 송파구 백제고분로 126 오룡빌딩 2층3층4층5층 (잠실동),의원,127.08156816424162,37.50646040370973,송파구,POINT (963017.8798887806 1945325.2768174135)
서울특별시 송파구 올림픽로 289 (신천동 시그마타워 304호),의원,127.1025244049536,37.51461554566176,송파구,POINT (964873.8781281924 1946222.007605943)
서울특별시 송파구 가락로 214 2층 201호 (송파동 창우빌딩),의원,127.11663838947308,37.50729350742181,송파구,POINT (966117.8689767699 1945404.4992844653)
서울특별시 송파구 송이로 148 (가락동),병원,127.12402631560876,37.49373846278868,송파구,POINT (966764.8210177855 1943898.0237568517)
서울특별시 송파구 위례서로 248 지하1층 5~12층 (거여동),병원,127.142262855079,37.4866427532962,송파구,POINT (968373.9018021043 1943104.5215671123)
서울특별시 송파구 송파대로 389 (석촌동 2층),의원,127.10953258874758,37.50208529327636,송파구,POINT (965487.4466122705 1944829.2645120635)
서울특별시 송파구 오금로 396 2층 203~204208호 (가락동 에스케이허브파크),의원,127.13421559367087,37.49795484707022,송파구,POINT (967667.3500360606 1944362.253891211)
서울특별시 송파구 송파대로 167 문정역테라타워 A동 2층 207호 (문정동),의원,127.120933640924,37.4846614982049,송파구,POINT (966487.3799948137 1942892.0938413516)
서울특별시 송파구 오금로 505 상호빌딩 4층 401호402호 (거여동),의원,127.14503636317924,37.49327100056367,송파구,POINT (968621.8700593733 1943838.9511866383)
서울특별시 송파구 마천로 25 민성빌딩 2층 (방이동),의원,127.12390791853164,37.50968277705272,송파구,POINT (966761.4238089855 1945666.980390797)
서울특별시 송파구 양산로 42 3층 (거여동),의원,127.14448399601,37.4926338265085,송파구,POINT (968572.7746783755 1943768.4454133108)
서울특별시 송파구 송파대로 438 3층 (송파동),의원,127.1070183649446,37.50592587948984,송파구,POINT (965266.9982781573 1945256.277178535)
서울특별시 송파구 거마로 62 효명빌딩 4층 (마천동),의원,127.147016756977,37.4984181338934,송파구,POINT (968799.075249381 1944409.3318790481)
서울특별시 송파구 백제고분로 275 2층 201호 (석촌동 배명빌딩),의원,127.0973375681,37.5027771313,송파구,POINT (964409.8794618623 1944910.5613347783)
서울특별시 송파구 송파대로 391 2층3층 (석촌동),의원,127.10941973812038,37.50225118284668,송파구,POINT (965477.5483344705 1944847.710248013)
서울특별시 송파구 올림픽로 119 5층 28호 (잠실동 잠실파인애플상가),의원,127.08481510685968,37.51212028769496,송파구,POINT (963307.6252512538 1945951.9335058338)
서울특별시 송파구 올림픽로 114 (잠실동 서경빌딩 5층),의원,127.0831877854,37.5113907369,송파구,POINT (963163.4499024668 1945871.6303406144)
서울특별시 송파구 올림픽로 116 메디씨티 빌딩 23층 (잠실동),의원,127.083492795772,37.5113561033686,송파구,POINT (963190.3888735293 1945867.6686050259)
서울특별시 송파구 오금로 199 1~5층 (방이동),의원,127.116316919418,37.5082893442187,송파구,POINT (966089.9072872624 1945515.0966400192)
서울특별시 송파구 새말로8길 27 문정동 봉의빌딩 567층 (문정동),의원,127.1269481178,37.48026349460002,송파구,POINT (967017.1785536432 1942402.0425736315)
서울특별시 송파구 백제고분로 436 (송파동 서재곤링커병원),병원,127.11209049503827,37.50948194519139,송파구,POINT (965716.9178517475 1945648.9393819873)
서울특별시 송파구 백제고분로 168 (잠실동 2층),의원,127.08536791149018,37.50491095169353,송파구,POINT (963352.9557992923 1945151.8886641886)
서울특별시 송파구 올림픽로 76 (잠실동),병원,127.0791794593,37.5115592766,송파구,POINT (962809.2886444496 1945891.9055316811)
서울특별시 송파구 백제고분로 276 (석촌동 공익빌딩 203호),의원,127.09725979491836,37.50210684737133,송파구,POINT (964402.6870648136 1944836.22716841)
서울특별시 송파구 석촌호수로 61 트리지움 504호 (잠실동),의원,127.086211355223,37.5107020036631,송파구,POINT (963430.3286669857 1945794.040374774)
서울특별시 송파구 올림픽로 145 2층 60호 (잠실동 리센츠 2A),의원,127.08307777777776,37.511275,송파구,POINT (963153.67083576 1945858.8331427672)
서울특별시 송파구 송파대로 345 1A동 2049호 (가락동 헬리오시티),의원,127.11179941402708,37.49935132080516,송파구,POINT (965686.5560099853 1944525.119656248)
서울특별시 송파구 삼전로 66 SM76(순명빌딩) 3~4층 (삼전동),의원,127.088600606506,37.5044867271928,송파구,POINT (963638.4714263048 1945103.5697447094)
서울특별시 송파구 가락로 158 (송파동),의원,127.11325716332168,37.50311973913664,송파구,POINT (965817.1264739981 1944942.6700536215)
서울특별시 송파구 오금로 420 유니팜코리아 402호 (가락동),의원,127.136277101616,37.4969894018022,송파구,POINT (967849.1589027605 1944254.4381486883)
서울특별시 송파구 동남로 141 옥산빌딩 6층 (가락동),의원,127.126252486711,37.4919026462716,송파구,POINT (966960.8013147946 1943693.568855222)
서울특별시 송파구 양산로 42 성보빌딩 3층 (거여동),의원,127.14448263942047,37.49263400837605,송파구,POINT (968572.6548331484 1943768.466043167)
서울특별시 송파구 올림픽로 491 2.5.6층 (풍납동 세제빌딩),의원,127.1175685861,37.526365018,송파구,POINT (966208.6823925464 1947520.0268737383)
서울특별시 송파구 석촌호수로 70 5층 (잠실동 동성빌딩),의원,127.085625,37.51010555555556,송파구,POINT (963378.2163206236 1945728.0963267775)
서울특별시 송파구 백제고분로48길 22 2층 (방이동),의원,127.1155355603,37.5108986083,송파구,POINT (966022.0329013063 1945804.8593258564)
서울특별시 송파구 송파대로 111 205동 306307310호 (문정동 파크하비오),의원,127.12273647353872,37.48157216877375,송파구,POINT (966645.3926793828 1942548.714314652)
서울특별시 송파구 올림픽로35길 104 (신천동),의원,127.10179177475828,37.51781194253948,송파구,POINT (964810.6340534858 1946576.9013051866)
서울특별시 송파구 백제고분로 381 2층 (송파동 우성빌딩),의원,127.10795398541389,37.50613025649516,송파구,POINT (965349.7862747093 1945278.606546921)
서울특별시 송파구 석촌호수로 61 401호 (잠실동 트리지움상가 4층),의원,127.08621372836966,37.510700199929545,송파구,POINT (963430.5375210693 1945793.8393397562)
서울특별시 송파구 양재대로 1164 홍일빌딩 6층 (오금동),의원,127.1282579777,37.5110476598,송파구,POINT (967146.4765781031 1945816.877457365)
서울특별시 송파구 올림픽로 212 (잠실동 갤러리아팰리스상가 223호),의원,127.09344966681694,37.51149013135872,송파구,POINT (964070.4143153568 1945878.6895054725)
서울특별시 송파구 가락로 84 (석촌동),의원,127.10572208000946,37.500394068503255,송파구,POINT (965149.856717777 1944643.0385626957)
서울특별시 송파구 송파대로 111 하비오길 202동 162~164호 (문정동 파크하비오),의원,127.1249120491,37.4796673949,송파구,POINT (966836.898486002 1942336.6247078667)
서울특별시 송파구 백제고분로 261 202호 (삼전동),의원,127.09556508003466,37.50273797852118,송파구,POINT (964253.195230587 1944906.8893741681)
서울특별시 송파구 오금로32길 28 (송파동 수정빌딩 201호),의원,127.1192649695956,37.50396797262356,송파구,POINT (966348.5186537574 1945034.610699331)
서울특별시 송파구 오금로 410 (가락동 2층),의원,127.1354359876,37.49743447489999,송파구,POINT (967775.0006482323 1944304.1036134115)
서울특별시 송파구 백제고분로 460 5층 (방이동),의원,127.11333313042412,37.51147738447784,송파구,POINT (965827.650979234 1945869.8683822353)
서울특별시 송파구 백제고분로50길 28 보광빌딩 23층 (방이동),의원,127.11755842712893,37.513387881588194,송파구,POINT (966201.9318155776 1946080.2995034684)
서울특별시 송파구 송이로 194 레미안빌딩 4~5층 (문정동),의원,127.127345321,37.4904696833,송파구,POINT (967056.7786446773 1943534.208513185)
서울특별시 송파구 마천로 53 대경빌딩 4층 (오금동),의원,127.12665670069585,37.50855180444197,송파구,POINT (967003.8610156473 1945540.5389789469)
서울특별시 송파구 법원로 128 문정에스케이브이원지엘메트로시티 C동 308309310호 (문정동),의원,127.1204690793,37.4868620536,송파구,POINT (966447.2928936642 1943136.3955460126)
서울특별시 송파구 가락로 211 (송파동 충북빌딩),의원,127.1162767477,37.5074740649,송파구,POINT (966085.9880404101 1945424.6612249108)
서울특별시 송파구 거마로 61 301호 (마천동),의원,127.1464163729,37.4984737508,송파구,POINT (968746.0290531355 1944415.7013911908)
서울특별시 송파구 가락로 78 3층 302~304호 (석촌동),의원,127.104900510278,37.5001258458779,송파구,POINT (965077.1131180965 1944613.5855855038)
서울특별시 송파구 백제고분로 203 (삼전동 2층),의원,127.08941001140508,37.50419152308078,송파구,POINT (963709.868093414 1945070.5063423687)
서울특별시 송파구 법원로 128 문정에스케이브이원지엘메트로시티 C동 2층 208~210호 (문정동),의원,127.120489970866,37.4868456339581,송파구,POINT (966449.1324915846 1943134.5664557351)
서울특별시 송파구 송파대로 385 성룡빌딩 지하1~지상1층 (석촌동),의원,127.1097536382,37.5016670216,송파구,POINT (965506.7923456987 1944782.7790115017)
서울특별시 송파구 송파대로28길 43 2층 204호 (가락동 송파KCC웰츠타워),의원,127.1221298183,37.4957334647,송파구,POINT (966598.0630506134 1944120.0268984619)
서울특별시 송파구 송파대로 422 영빌딩 3층 301호 (송파동),의원,127.1079896819,37.5050023665,송파구,POINT (965352.4199938269 1945153.4614242504)
서울특별시 송파구 오금로 91 (방이동 태원빌딩 2층),의원,127.1075525019652,37.51401190077781,송파구,POINT (965317.9487679958 1946153.1717446938)
서울특별시 송파구 송파대로 392 (송파동),의원,127.110009128406,37.5026246849954,송파구,POINT (965529.8150507095 1944888.9317922685)
서울특별시 송파구 법원로 114 엠스테이트 C동 2층 203220221호 (문정동),의원,127.1210105111,37.4860541974,송파구,POINT (966494.797955584 1943046.5767118908)
서울특별시 송파구 마천로 41 수기빌딩 3층 (방이동),의원,127.1255129326566,37.50904677561033,송파구,POINT (966902.9927851816 1945595.8544586233)
서울특별시 송파구 송파대로 167  B동 B212호 (문정동 문정역테라타워),의원,127.1209313822,37.4846631223,송파구,POINT (966487.181029509 1942892.2748273124)
서울특별시 송파구 마천로 341 (마천동),의원,127.15243888888888,37.49319166666666,송파구,POINT (969276.2092861695 1943827.707788433)
서울특별시 송파구 오금로 543 4층 5층(거여동 서평프라자) (거여동),의원,127.149025326101,37.4930260696894,송파구,POINT (968974.3868587194 1943810.455582842)
서울특별시 송파구 법원로 128 에스케이브이원 C동 304호 (문정동),의원,127.1204690793,37.4868620536,송파구,POINT (966447.2928936642 1943136.3955460126)
서울특별시 송파구 송파대로 345 2037호2038호 (가락동 헬리오시티),의원,127.10253281814263,37.49761177550857,송파구,POINT (964866.6537997685 1944335.5474645176)
서울특별시 송파구 오금로 404 (가락동 303호),의원,127.13501666666669,37.49758055555556,송파구,POINT (967737.998220606 1944320.4539131615)
서울특별시 송파구 송파대로 376 정우빌딩 2층 (송파동),의원,127.11102441789355,37.50141355257628,송파구,POINT (965618.9986148 1944754.1933194466)
서울특별시 송파구 새말로 125 어은회관 1층 101호 (문정동),의원,127.127886835091,37.4831053437977,송파구,POINT (967101.420159042 1942716.9971869453)
서울특별시 송파구 가락로 99 (석촌동 석촌프라자 2층),의원,127.10698975785569,37.50116059417218,송파구,POINT (965262.2620754614 1944727.6108263682)
서울특별시 송파구 충민로 181 로체프라자 211~233 306~314호 (장지동),의원,127.133433044505,37.4860097360497,송파구,POINT (967593.0176632546 1943037.2955298016)
서울특별시 송파구 오금로 420 한라산업개발빌딩 6층 (가락동),의원,127.1362765377,37.4969902134,송파구,POINT (967849.1094038661 1944254.5283825442)
서울특별시 송파구 송파대로 345 A동 4층 40054007400840264027호 (가락동 헬리오시티),의원,127.102531804188,37.4976145695004,송파구,POINT (964866.5654818143 1944335.857817663)
서울특별시 송파구 오금로 176 지인빌딩 3층 (송파동),의원,127.113838998649,37.5090554495244,송파구,POINT (965871.2554097347 1945600.9868574545)
서울특별시 송파구 올림픽로 98 성진빌딩 2층 (잠실동),의원,127.0854945862,37.5108845275,송파구,POINT (963367.0712164138 1945814.569041867)
서울특별시 송파구 새말로 126 1층 (문정동),의원,127.128115114986,37.4827763186151,송파구,POINT (967121.4583144208 1942680.414427979)
서울특별시 송파구 가락로 99 3층 301호 (석촌동),의원,127.106959641237,37.5011513260496,송파구,POINT (965259.5957960278 1944726.5937063599)
서울특별시 송파구 백제고분로 358 우전빌딩 4층 (석촌동),의원,127.1060931719,37.5042940931,송파구,POINT (965184.4685808838 1945075.5830932565)
서울특별시 송파구 올림픽로 293-19 3층 301302303304317호 (신천동 현대타워아파트),의원,127.1024798552,37.5151237503,송파구,POINT (964870.179335218 1946278.406300852)
서울특별시 송파구 백제고분로 365 7층 (석촌동),의원,127.10621728756392,37.50516531649734,송파구,POINT (965195.8430639723 1945172.193682847)
서울특별시 송파구 위례광장로 136 D동 201호 (장지동 위례아이파크),의원,127.1422143476732,37.47715744823699,송파구,POINT (968365.6146870339 1942052.2109150426)
서울특별시 송파구 백제고분로 101 (잠실동 (주)서일빌딩),의원,127.0797272736,37.507659361,송파구,POINT (962855.7703820731 1945459.0184581063)
서울특별시 송파구 올림픽로 289 잠실시그마타워 3층 311~313호 (신천동),의원,127.102522142353,37.5146152773177,송파구,POINT (964873.6780487178 1946221.9786796113)
서울특별시 송파구 마천로 311 (마천동 2층&B1),의원,127.15036384378348,37.49545222496268,송파구,POINT (969093.7099054453 1944079.1803771243)
서울특별시 송파구 가락로 166 3층 (송파동),의원,127.11384662844388,37.503558136382935,송파구,POINT (965869.427050726 1944991.0933750346)
서울특별시 송파구 삼전로 77 지하1층1층 (잠실동 성원빌딩),의원,127.08873761339714,37.50560839008032,송파구,POINT (963651.1246647808 1945227.958004475)
서울특별시 송파구 백제고분로 276 공익빌딩 4층 (석촌동),의원,127.09725979491836,37.50210684737133,송파구,POINT (964402.6870648136 1944836.22716841)
서울특별시 송파구 오금로 247  (방이동),의원,127.12084042224284,37.50643807574789,송파구,POINT (966488.8705922075 1945308.090087367)
서울특별시 송파구 오금로 504 (거여동),의원,127.14472356547148,37.49290377243163,송파구,POINT (968594.0654595613 1943798.3140853455)
서울특별시 송파구 올림픽로 119 잠실파인애플상가 3층 3B04호 (잠실동),의원,127.0841892257058,37.512106049112056,송파구,POINT (963252.3051521818 1945950.598083709)
서울특별시 송파구 백제고분로 466 (방이동 세나빌딩),의원,127.1135781563,37.5119492752,송파구,POINT (965849.5206544388 1945922.1326404724)
서울특별시 송파구 오금로 420 유니팜코리아 (가락동),의원,127.1362765376666,37.496990213365216,송파구,POINT (967849.109400898 1944254.5283786962)
서울특별시 송파구 백제고분로 204 (삼전동 4층),의원,127.08923218656844,37.50376855610166,송파구,POINT (963693.9460944067 1945023.6495097436)
서울특별시 송파구 올림픽로 96 동신빌딩 67층 (잠실동),의원,127.08121528281936,37.51146418995786,송파구,POINT (962989.1618014431 1945880.5535407714)
서울특별시 송파구 강동대로 74 5층 501502호 (풍납동),의원,127.114931882654,37.5264402340298,송파구,POINT (965975.7387480042 1947529.3221294894)
서울특별시 송파구 오금로 512 2층 206호 (거여동 거여역2차쌍용아파트),의원,127.1455457629,37.4927300121,송파구,POINT (968666.6742039352 1943778.7625846379)
서울특별시 송파구 풍성로 52 상가동 1층 1617호 (풍납동 대아아파트),의원,127.118097938009,37.5334814070449,송파구,POINT (966258.661498087 1948309.3564148063)
서울특별시 송파구 마천로 190 청전빌딩 3층 (오금동),의원,127.13971110449374,37.50254720717314,송파구,POINT (968155.0648273967 1944869.8714685685)
서울특별시 송파구 올림픽로 509 J빌딩 201호 (풍납동 J 빌딩),의원,127.11840829460834,37.52786618691668,송파구,POINT (966283.5542783192 1947686.2709132342)
서울특별시 송파구 양산로 12 (거여동 거여세신훼미리타운),의원,127.1435908908016,37.48991045127418,송파구,POINT (968492.680957958 1943466.6044340555)
서울특별시 송파구 올림픽로 378,의원,127.11215642939491,37.51696296107619,송파구,POINT (965726.166312357 1946478.885854208)
서울특별시 송파구 잠실로 지하 156 잠실광역환승센터 103호 (신천동),의원,127.1017507699,37.5113185408,송파구,POINT (964803.9611358392 1945856.5151768227)
서울특별시 송파구 올림픽로 435 (신천동 파크리오상가B동 308호),의원,127.10497253896604,37.52136010565038,송파구,POINT (965093.3699421183 1946969.3626549623)
서울특별시 송파구 법원로 128 문정에스케이브이원지엘메트로시티 C동 307호 (문정동),의원,127.1204690793,37.4868620536,송파구,POINT (966447.2928936642 1943136.3955460126)
서울특별시 송파구 올림픽로 114 8층 (잠실동 서경빌딩),의원,127.0831877854,37.5113907369,송파구,POINT (963163.4499024668 1945871.6303406144)
서울특별시 송파구 올림픽로4길 40 3층 33호 (잠실동 우성아파트비상가),의원,127.07421745916784,37.50717514223236,송파구,POINT (962368.560686037 1945407.486646228)
서울특별시 송파구 올림픽로12길 5 (잠실동 7층),의원,127.08309241619264,37.51106644256334,송파구,POINT (963154.8620202865 1945835.689293686)
서울특별시 송파구 토성로 78 (풍납동 201호),의원,127.11844925786136,37.52801751338145,송파구,POINT (966287.2418029343 1947703.0449644383)
서울특별시 송파구 올림픽로 100 (잠실동 효창타워 678층),의원,127.0816902803,37.5114170102,송파구,POINT (963031.1174663663 1945875.1325140698)
서울특별시 송파구 송파대로 448 옥명빌딩 4층 (송파동 옥명빌딩),의원,127.1063859653713,37.50659679827315,송파구,POINT (965211.4158470836 1945330.9448199705)
서울특별시 송파구 송파대로 437 청솔학원 5층 (석촌동),의원,127.106325773604,37.50562376729855,송파구,POINT (965205.6443243963 1945223.015669121)
서울특별시 송파구 석촌호수로 133 B동 301302호 (잠실동 레이크팰리스),의원,127.0917974167,37.5076505976,송파구,POINT (963922.5453044926 1945453.3501748077)
서울특별시 송파구 올림픽로 119 잠실파인애플상가 5층 13호 (잠실동),의원,127.08418842973086,37.5120856031269,송파구,POINT (963252.2247823677 1945948.3300427215)
서울특별시 송파구 석촌호수로 61 2층 235호 (잠실동 트리지움),의원,127.0862137284,37.5107001999,송파구,POINT (963430.5375237353 1945793.839336467)
서울특별시 송파구 올림픽로 435 (신천동 파크리오상가 B동 310호),의원,127.104971745978,37.5213592954462,송파구,POINT (965093.2994919271 1946969.2730621386)
서울특별시 송파구 올림픽로 435 (신천동 파크리오상가 A동 5층 505호 506호일부),의원,127.10452877464144,37.52081530852317,송파구,POINT (965053.9024206457 1946909.0855892778)
서울특별시 송파구 송파대로40길 7-10 1~2층 (송파동),의원,127.10993639954,37.5039840569788,송파구,POINT (965524.0118118649 1945039.7717504622)
서울특별시 송파구 송파대로 167 2층 B-207호 (문정동 문정역테라타워),의원,127.1209313822,37.4846631223,송파구,POINT (966487.181029509 1942892.2748273124)
서울특별시 송파구 올림픽로 509 2층 (풍납동 제이빌딩),의원,127.1182726503042,37.5279384006124,송파구,POINT (966271.6015708449 1947694.3312083792)
서울특별시 송파구 송파대로 381 (석촌동 4층),의원,127.11016944053574,37.50141074900288,송파구,POINT (965543.4267828821 1944754.1949595015)
서울특별시 송파구 거마로 66 (마천동 2층),의원,127.1471530473188,37.49870618920514,송파구,POINT (968811.2420826876 1944441.244475541)
서울특별시 송파구 토성로 58 (풍납동 도원빌딩 2층),의원,127.11607940799976,37.52902985118917,송파구,POINT (966078.3061125735 1947816.2096576982)
서울특별시 송파구 새말로 136 201호 (문정동 대명빌딩),의원,127.12914287774184,37.48312235260798,송파구,POINT (967212.4749149495 1942718.446053912)
서울특별시 송파구 송파대로 371 2층3층4층 (석촌동),의원,127.11075206130079,37.5007795003494,송파구,POINT (965594.6343700085 1944683.9489830937)
서울특별시 송파구 중대로 105 가락 ID TOWER 201~203 301 303호 (가락동),의원,127.12005470056732,37.493587592418045,송파구,POINT (966413.6707991925 1943882.6954110381)
서울특별시 송파구 송파대로 404 우일빌딩 2층 (송파동),의원,127.1093173217,37.5033685242,송파구,POINT (965469.010557029 1944971.7094357077)
서울특별시 송파구 마천로41길 9 3층 (마천동),의원,127.14881140134491,37.49724358164936,송파구,POINT (968957.2219197897 1944278.4299458521)
서울특별시 송파구 마천로 53 대경빌딩 501호 (오금동),의원,127.1266567007,37.5085518044,송파구,POINT (967003.8610159955 1945540.5389742889)
서울특별시 송파구 송파대로 422 (송파동 영빌딩),의원,127.1079896819,37.5050023665,송파구,POINT (965352.4199938269 1945153.4614242504)
서울특별시 송파구 올림픽로 114 서경빌딩 4층 (잠실동),의원,127.083186991735,37.5113890255791,송파구,POINT (963163.3789194856 1945871.4407911887)
서울특별시 송파구 올림픽로 145 리센츠 4층층 4B1819호 (잠실동),의원,127.0870431473,37.5119790175,송파구,POINT (963504.4626295732 1945935.3939444348)
서울특별시 송파구 가락로 166 (송파동 2층),의원,127.1138471223799,37.503592193190585,송파구,POINT (965869.4862114991 1944994.871572837)
서울특별시 송파구 동남로 207 (가락동),의원,127.1309056556,37.49607005270001,송파구,POINT (967373.9548327866 1944154.2909726868)
서울특별시 송파구 올림픽로 119 (잠실동 파인애플상가 5B29),의원,127.08418616626,37.512084433428,송파구,POINT (963252.0241713951 1945948.2011560933)
서울특별시 송파구 올림픽로12길 34 B1 1층 일부층 (잠실동),의원,127.08332493677216,37.50860113080166,송파구,POINT (963174.2004816126 1945562.0877227457)
서울특별시 송파구 올림픽로 108 (잠실동 8층),의원,127.0827670683,37.5114270726,송파구,POINT (963126.2859549393 1945875.8263464412)
서울특별시 송파구 삼전로10길 11 1~2층 103~105 2층전체호 (삼전동),의원,127.090762393196,37.5057532505897,송파구,POINT (963830.1528031882 1945243.24916752)
서울특별시 송파구 위례서로 248 301~302호 (거여동),의원,127.142262855079,37.4866427532962,송파구,POINT (968373.9018021043 1943104.5215671123)
서울특별시 송파구 백제고분로 365 5층 (석촌동 태문빌딩),의원,127.1062981242,37.5052669942,송파구,POINT (965203.034965094 1945183.4442617276)
서울특별시 송파구 백제고분로 216 (삼전동 2층),의원,127.0905209871038,37.50336640293091,송파구,POINT (963807.6641766839 1944978.5368242548)
서울특별시 송파구 백제고분로 365 태문빌딩 2층 (석촌동),의원,127.1062981242,37.50526699419999,송파구,POINT (965203.034965094 1945183.444261727)
서울특별시 송파구 석촌호수로 130 신원빌딩 2층 (삼전동),의원,127.0913851754,37.5071968109,송파구,POINT (963885.8921301655 1945403.1636122013)
서울특별시 송파구 백제고분로 365 태문빌딩 3층 (석촌동),의원,127.1062981242,37.5052669942,송파구,POINT (965203.034965094 1945183.4442617276)
서울특별시 송파구 법원로4길 10 힐스테이트에코문정 (문정동),의원,127.1228229859551,37.48259245648445,송파구,POINT (966653.4948820542 1942661.8773841995)
서울특별시 송파구 오금로 404 3층 304호 (가락동 원일빌딩),의원,127.1351241575,37.497593409,송파구,POINT (967747.5052283187 1944321.8430763106)
서울특별시 송파구 올림픽로35다길 42 한국루터회관 5층 (신천동),의원,127.1030682174,37.5152529828,송파구,POINT (964922.2350373516 1946292.5242986458)
서울특별시 송파구 중대로 24 406호 (문정동 훼미리샤르망),의원,127.11640359254972,37.49154415192052,송파구,POINT (966089.9957856038 1943657.2986755285)
서울특별시 송파구 백제고분로 381 3층 (송파동),의원,127.1079369986,37.5061160567,송파구,POINT (965348.2783591083 1945277.0374277658)
서울특별시 송파구 백제고분로 512 로가디스빌딩 3층 (방이동),의원,127.11497105347496,37.5141996393416,송파구,POINT (965973.6417098216 1946171.2913673255)
서울특별시 송파구 동남로 209 (가락동 2층),의원,127.1310641991,37.4961996218,송파구,POINT (967388.0256586053 1944168.6108364216)
서울특별시 송파구 송파대로 562 4층 (신천동 한빛프라자삼성웰리스아파트),의원,127.0995030036,37.5153245163,송파구,POINT (964607.2014296819 1946301.7956891083)
서울특별시 송파구 송파대로30길 5 (가락동),의원,127.11804780602668,37.49447980925776,송파구,POINT (966236.6667017825 1943982.3987423766)
서울특별시 송파구 오금로 412 (가락동 2층),의원,127.1357166869363,37.497258456612336,송파구,POINT (967799.737084326 1944284.4795182305)
서울특별시 송파구 동남로 207 (가락동 유성빌딩 3층),의원,127.13090565559976,37.49607005268763,송파구,POINT (967373.9548327608 1944154.2909713117)
서울특별시 송파구 오금로 505 2층 (거여동 상호빌딩),의원,127.14485,37.493194444444434,송파구,POINT (968605.3637986819 1943830.5199548495)
서울특별시 송파구 동남로 208 (가락동),의원,127.1314713178772,37.49579508152157,송파구,POINT (967423.8372147087 1944123.5888781988)
서울특별시 송파구 거마로 62 (마천동 효명빌딩),의원,127.14701788943611,37.49841894339621,송파구,POINT (968799.1756869474 1944409.4213124418)
서울특별시 송파구 문정로4길 14 2층 (문정동 동산빌딩),의원,127.12589439672138,37.48496607572038,송파구,POINT (966926.0879929306 1942924.1303493683)
서울특별시 송파구 중대로 24 207호 (문정동 올림픽훼미리타운 아파트상가),의원,127.11726990214584,37.491048967940834,송파구,POINT (966166.3546775325 1943602.0497006055)
서울특별시 송파구 오금로 404 (가락동 원일빌딩 4층),의원,127.13512415751468,37.49759340901243,송파구,POINT (967747.5052296219 1944321.843077685)
서울특별시 송파구 송파대로 167 B동 206호 (문정동 문정역테라타워),의원,127.1222355509462,37.48504694124544,송파구,POINT (966602.6516887858 1942934.393424759)
서울특별시 송파구 송파대로 382 7층 (송파동 송파두성빌딩),의원,127.11121881239042,37.501330477213045,송파구,POINT (965636.1428647516 1944744.905664409)
서울특별시 송파구 거마로 4 굿플란트빌딩 2층 (거여동),의원,127.144860016213,37.493354261299,송파구,POINT (968606.3161111063 1943848.2471872768)
서울특별시 송파구 올림픽로 119 잠실파인애플상가 5층 91025호 (잠실동),의원,127.0841884297,37.5120856031,송파구,POINT (963252.224779629 1945948.330039749)
서울특별시 송파구 오금로 414 명문빌딩 3층 301호 (가락동),의원,127.13591630406,37.4972078608831,송파구,POINT (967817.3602820062 1944278.7979952847)
서울특별시 송파구 송파대로 345 1A동 4006호 (가락동 헬리오시티),의원,127.102531804188,37.4976145695004,송파구,POINT (964866.5654818143 1944335.857817663)
서울특별시 송파구 송파대로 345 1A동 4층 4024호 (가락동 헬리오시티),의원,127.11177690378491,37.499423422568015,송파구,POINT (965684.5992942662 1944533.1270704786)
서울특별시 송파구 송파대로 438 녹십초쿨샤 4층 (송파동),의원,127.10694607967577,37.50599442132088,송파구,POINT (965260.6412049877 1945263.9081271237)
서울특별시 송파구 송파대로32길 15 상가동 201~202호 (가락동 가락금호아파트),의원,127.11690484416684,37.49539096228517,송파구,POINT (966136.0436070776 1944083.895557147)
서울특별시 송파구 송파대로 167 A동 2층 213호 (문정동 문정역테라타워),의원,127.1209313822,37.4846631223,송파구,POINT (966487.181029509 1942892.2748273124)
서울특별시 송파구 법원로 114 C동 205호 (문정동 엠스테이트),의원,127.12010229591348,37.48595370612997,송파구,POINT (966414.460372325 1943035.7515126362)
서울특별시 송파구 마천로 68 (오금동),의원,127.127885759,37.507674704,송파구,POINT (967112.1009771889 1945442.8002027639)
서울특별시 송파구 올림픽로35가길 9 212~216 301~308호 (신천동 잠실푸르지오월드마크),의원,127.1034468301,37.5174835359,송파구,POINT (964956.7371033909 1946539.8488940445)
서울특별시 송파구 올림픽로 145 (잠실동 리센츠상가 3층 27-2호 28호호),의원,127.08654169702643,37.51197103177887,송파구,POINT (963460.1422904041 1945934.7025978754)
서울특별시 송파구 석촌호수로 61 트리지움 4층 402호 (잠실동),의원,127.0817001923337,37.51146985907616,송파구,POINT (963032.0195302437 1945880.9918657946)
서울특별시 송파구 올림픽로 240 (잠실동 롯데월드 잠실점 5층),의원,127.09801905206632,37.51141440714787,송파구,POINT (964474.2074528704 1945868.5533506963)
서울특별시 송파구 석촌호수로 61 (잠실동 트리지움상가 4층 410411호 일부),의원,127.0862137284,37.5107001999,송파구,POINT (963430.5375237353 1945793.839336467)
서울특별시 송파구 오금로11길 37 301302303304호 (방이동 대명밸리온),의원,127.111190278,37.5156420577,송파구,POINT (965640.1813061069 1946332.6924685836)
서울특별시 송파구 백제고분로 466 (방이동 세나빌딩 2층),의원,127.11357815633528,37.51194927515704,송파구,POINT (965849.5206575382 1945922.132635694)
서울특별시 송파구 오금로 296 재정빌딩 지하1층~지상5층 (가락동),병원,127.125376646475,37.5035032192179,송파구,POINT (966888.499453687 1944980.8815218532)
서울특별시 송파구 백제고분로 262 2층 (삼전동),의원,127.095398831219,37.5022670319477,송파구,POINT (964238.276301992 1944854.704114911)
서울특별시 송파구 올림픽로 119 (잠실동 파인애플상가 4B-25),의원,127.08418469348214,37.51209884430954,송파구,POINT (963251.9010780728 1945949.8005268455)
서울특별시 송파구 오금로11길 7 제이타워빌딩 5층 (방이동),의원,127.1079672461416,37.514553031691904,송파구,POINT (965354.8515586396 1946213.0539489528)
서울특별시 송파구 송이로 87 3층 303304호 (가락동),의원,127.120795228829,37.4983419879792,송파구,POINT (966481.2571291646 1944409.8993092559)
서울특별시 송파구 오금로 91 태원빌딩 2층 (방이동),의원,127.10765433916198,37.51405235933781,송파구,POINT (965326.967255819 1946157.622828257)
서울특별시 송파구 동남로18길 45 (가락동 2층),의원,127.13482233506102,37.49283246683972,송파구,POINT (967718.7769400094 1943793.7526642834)
서울특별시 송파구 백제고분로7길 53 AW TOWER 13층 (잠실동),의원,127.084849038691,37.5109389631056,송파구,POINT (963310.0457633818 1945820.859848405)
서울특별시 송파구 마천로 271 (마천동),의원,127.14710715704528,37.49780614843545,송파구,POINT (968806.8113629782 1944341.4063166822)
서울특별시 송파구 오금로 111 705호 (방이동 세기빌딩),의원,127.1082494655,37.5125993975,송파구,POINT (965378.8898144672 1945996.2069042907)
서울특별시 송파구 법원로 114 C동 209 210호 (문정동 엠스테이트),의원,127.11983080368098,37.48587108624614,송파구,POINT (966390.421508193 1943026.6822989832)
서울특별시 송파구 동남로29길 8-10 퍼스트 스퀘어 301호 (오금동),의원,127.138582568208,37.5058022450145,송파구,POINT (968056.7031694279 1945231.378565432)
서울특별시 송파구 송파대로 345 A동 3003~3005호 (가락동 헬리오시티),의원,127.11141550240056,37.499748126038455,송파구,POINT (965652.803292305 1944569.2825736147)
서울특별시 송파구 가락로28길 3 2층 (송파동),의원,127.11628034720545,37.50647142565364,송파구,POINT (966085.8525845134 1945313.4236974295)
서울특별시 송파구 석촌호수로 58 동신빌딩 2층 1호 (잠실동),의원,127.085450599643,37.5110932318755,송파구,POINT (963363.2857911377 1945837.7405841087)
서울특별시 송파구 백제고분로 283 어깨동무빌딩 (석촌동),병원,127.09799799734772,37.502747753135786,송파구,POINT (964468.2391436998 1944907.0524694803)
서울특별시 송파구 중대로 68 훼미리 샤르망 6층 (문정동),의원,127.11630736906324,37.49161573487444,송파구,POINT (966081.5219455 1943665.2749795273)
서울특별시 송파구 올림픽로 145 (잠실동 리센츠),의원,127.0870431473,37.5119790175,송파구,POINT (963504.4626295732 1945935.3939444348)
서울특별시 송파구 법원로 114 C동 212호 (문정동 엠스테이트),의원,127.12001175100411,37.4858961329337,송파구,POINT (966406.4297760983 1943029.3964730133)
서울특별시 송파구 송파대로 380 (송파동 4층),의원,127.11082576485197,37.5016624099936,송파구,POINT (965601.5540503865 1944781.8749816217)
서울특별시 송파구 양재대로 1222 3층 29-1호 (방이동 올림픽프라자상가 ),의원,127.1310621442,37.5157261957,송파구,POINT (967396.3371893364 1946334.9551715057)
서울특별시 송파구 오금로 508 (거여동 3층),의원,127.1450717894937,37.492874517861566,송파구,POINT (968624.835836383 1943794.9523704695)
서울특별시 송파구 올림픽로 114 5층 (잠실동),의원,127.08323524869732,37.51133483494225,송파구,POINT (963167.6171080499 1945865.4097943716)
서울특별시 송파구 올림픽로 212 (잠실동 갤러리아팰리스 201호),의원,127.09344050785558,37.511400038802776,송파구,POINT (964069.5616851283 1945868.6978116275)
서울특별시 송파구 올림픽로 82 2층 (잠실동),의원,127.0796860213,37.5114111713,송파구,POINT (962853.9837094723 1945875.2740876842)
서울특별시 송파구 송파대로 345 1A동 B147호 (가락동 헬리오시티),의원,127.102531804188,37.4976145695004,송파구,POINT (964866.5654818143 1944335.857817663)
서울특별시 송파구 백제고분로48길 38 2층 201호 (방이동 은석빌딩),의원,127.117004712908,37.5103309711889,송파구,POINT (966151.6169616695 1945741.3541743406)
서울특별시 송파구 송파대로 441 (석촌동 6층),의원,127.10620459160012,37.50579242212341,송파구,POINT (965195.012074867 1945241.7716274064)
서울특별시 송파구 위례광장로 136 상가5동 202203204호 (장지동 위례아이파크),의원,127.1419862839638,37.47556820261396,송파구,POINT (968344.7795502199 1941875.972252137)
서울특별시 송파구 위례광장로 199 성희프라자 4층 404~405호 (장지동),의원,127.1427882691404,37.48170144313431,송파구,POINT (968418.2718042512 1942556.1418727015)
서울특별시 송파구 위례광장로 193 3층 304호 (장지동 대길프라자),의원,127.14220041666788,37.48173819242383,송파구,POINT (968366.3140316044 1942560.41628287)
서울특별시 송파구 위례광장로 188 601~604622~624호 (장지동 아이온스퀘어),의원,127.142443378,37.4810783617,송파구,POINT (968387.5167541986 1942487.131176367)
서울특별시 송파구 위례광장로 193 대길프라자 604호 (장지동),의원,127.1422004167,37.4817381924,송파구,POINT (968366.3140344355 1942560.4162802133)
서울특별시 송파구 위례광장로 200 (장지동 에스비트램스퀘어),의원,127.1429094354,37.4812075441,송파구,POINT (968428.7765581356 1942501.306668011)
서울특별시 송파구 석촌호수로 61 트리지움상가 403호 (잠실동),의원,127.08621451240172,37.51069905920584,송파구,POINT (963430.6062557646 1945793.7124790489)
서울특별시 송파구 올림픽로 108 5층 (잠실동 맥스타워),의원,127.08276706830532,37.5114270726467,송파구,POINT (963126.2859554322 1945875.8263516196)
서울특별시 송파구 백제고분로 276 (석촌동),의원,127.09726064664672,37.50209150182258,송파구,POINT (964402.755062001 1944834.5243589284)
서울특별시 송파구 올림픽로 106 (잠실동 4층),의원,127.08255439190562,37.51139478532904,송파구,POINT (963107.4743155888 1945872.327646496)
서울특별시 송파구 송파대로 381 (석촌동 오퍼스빌딩 2층),의원,127.11016944053574,37.50141074900288,송파구,POINT (965543.4267828821 1944754.1949595015)
서울특별시 송파구 양재대로 1222 (방이동 올림픽선수촌상가 343호),의원,127.13106214421488,37.51572619570997,송파구,POINT (967396.3371906561 1946334.9551726081)
서울특별시 송파구 올림픽로35길 124 장미아파트 에이상가 1동 4층 161112131415호 (신천동),의원,127.1007092383095,37.5173453453142,송파구,POINT (964714.7510011955 1946525.540758732)
서울특별시 송파구 동남로 141 3층 (가락동 옥산빌딩),의원,127.1262531635,37.4919016544,송파구,POINT (966960.8607061156 1943693.4585763658)
서울특별시 송파구 올림픽로 130 (잠실동 2층),의원,127.08490833333332,37.511383333333335,송파구,POINT (963315.5035796307 1945870.1367674044)
서울특별시 송파구 올림픽로4길 48 우성아파트 상가 3층 301호 (잠실동),의원,127.074256049362,37.5065618089885,송파구,POINT (962371.6635184088 1945339.4258339973)
서울특별시 송파구 백제고분로 258 (삼전동 2층),의원,127.09510752880377,37.50221215893634,송파구,POINT (964212.5024793786 1944848.7270484578)
서울특별시 송파구 송이로 152 마리아 의료재단 새병원 (가락동),병원,127.1244100221178,37.49327674397894,송파구,POINT (966798.5354977373 1943846.663812138)
서울특별시 송파구 법원로 90 파트너스2 202호 (문정동),의원,127.12134088,37.4833868751,송파구,POINT (966522.8147288718 1942750.5384818204)
서울특별시 송파구 문정로 65 인애가한방병원 지하1층3층4층 (문정동),의원,127.12949273134214,37.48725976339526,송파구,POINT (967245.2120103725 1943177.3409239405)
서울특별시 송파구 올림픽로 579 (풍납동 서울초이스병원),병원,127.12120970704676,37.533738733472696,송파구,POINT (966533.7047005564 1948336.7933289309)
서울특별시 송파구 송파대로 345 상가1A동 2층 2007호2008호 (가락동 헬리오시티),의원,127.11166394941728,37.49951362996662,송파구,POINT (965674.6564056785 1944543.1761659293)
서울특별시 송파구 동남로 189 506호 (가락동 가락쌍용@26동 프라자상가 ),의원,127.1298772100176,37.4946795853999,송파구,POINT (967282.4386073228 1944000.3851157075)
서울특별시 송파구 송파대로 366 2층 (송파동),의원,127.1110606605678,37.50144955872696,송파구,POINT (965622.2185747724 1944758.1747226487)
서울특별시 송파구 중대로 80 3층 (문정동 문정프라자),의원,127.11737940043892,37.49166154044242,송파구,POINT (966176.3106821168 1943669.9710598753)
서울특별시 송파구 위례광장로 230 C동 201202호 (장지동 위례2차아이파크),의원,127.14359710123804,37.478463898304334,송파구,POINT (968488.4228066092 1942196.6884982325)
서울특별시 송파구 백제고분로 365 태문빌딩 2층 (석촌동),의원,127.106298010481,37.5052665438398,송파구,POINT (965203.0247050751 1945183.3943392744)
서울특별시 송파구 동남로 138 3층 (문정동),의원,127.12616708492304,37.49113408158763,송파구,POINT (966952.9131731184 1943608.331884032)
서울특별시 송파구 새말로 125 4층 403호 (문정동 어은회관),의원,127.1278890976,37.4831060622,송파구,POINT (967101.6205035283 1942717.0760980535)
서울특별시 송파구 오금로 507 (거여동 거여빌딩 401호),의원,127.14519621737983,37.4932349989589,송파구,POINT (968635.9858680095 1943834.903783647)
서울특별시 송파구 백제고분로 469 2층 (방이동),의원,127.11326686213695,37.51253342453111,송파구,POINT (965822.2759345626 1945987.053260552)
서울특별시 송파구 양재대로 1222 중심상가동 334호 (방이동 올림픽선수기자촌아파트),의원,127.13236952163038,37.515425022129584,송파구,POINT (967511.7421989414 1946301.0896558461)
서울특별시 송파구 석촌호수로 58 (잠실동),의원,127.0855497555458,37.51096622906401,송파구,POINT (963371.9868893744 1945823.6118305312)
서울특별시 송파구 석촌호수로 61 5층 511일부 호 (잠실동 트리지움),의원,127.08621372836964,37.510700199929545,송파구,POINT (963430.5375210671 1945793.8393397562)
서울특별시 송파구 석촌호수로 61 (잠실동 트리지움상가 5층 507508509호),의원,127.0861694414444,37.51085045900561,송파구,POINT (963426.6968453632 1945810.5268356735)
서울특별시 송파구 올림픽로37길 121  (신천동),의원,127.104800186347,37.5217157942628,송파구,POINT (965078.3057081086 1947008.8880466304)
서울특별시 송파구 올림픽로 102 서일빌딩 6층 603호 (잠실동),의원,127.081962651177,37.5114258315489,송파구,POINT (963055.1931977983 1945876.0042065142)
서울특별시 송파구 백제고분로 446 2층 201호 (방이동),의원,127.11274343596185,37.510454408265474,송파구,POINT (965775.0684152927 1945756.590138624)
서울특별시 송파구 송파대로28길 27 (가락동 성원상떼빌 102동 203호),의원,127.12038613164066,37.49505048281478,송파구,POINT (966443.6232191832 1944044.8749072657)
서울특별시 송파구 오금로 410 (가락동(3층)),의원,127.1354359875917,37.49743447489755,송파구,POINT (967775.0006474981 1944304.103613144)
서울특별시 송파구 마천로 264 (거여동),의원,127.14626221665694,37.49800155094829,송파구,POINT (968732.2059376257 1944363.3652475404)
서울특별시 송파구 송이로32길 37 1층 (문정동 문정푸르지오아파트),의원,127.1272082746992,37.48700275499059,송파구,POINT (967043.1403978877 1943149.6248983883)
서울특별시 송파구 중대로 122 (가락동),병원,127.1219412449,37.4938163179,송파구,POINT (966580.5397219327 1943907.3994791915)
서울특별시 송파구 올림픽로 300 월드타워동 11층 일부 호 (신천동 롯데월드타워앤드롯데월드몰),의원,127.1044460998,37.5137525026,송파구,POINT (965043.3022837634 1946125.5427858674)
서울특별시 송파구 송파대로39길 4 1층 1호 (석촌동),의원,127.10854796966,37.5028430465963,송파구,POINT (965400.7676229903 1944913.6937469011)
서울특별시 송파구 올림픽로35길 112 장미아파트 비상가 1동 3층 314호 (신천동),의원,127.10547062438876,37.51837913900814,송파구,POINT (965135.9965089471 1946638.4584735963)
서울특별시 송파구 거마로 58 2층 (마천동),의원,127.14679166666669,37.49802777777778,송파구,POINT (968779.0164623886 1944366.0991793158)
서울특별시 송파구 올림픽로 119 (잠실동),의원,127.08417561314062,37.5120700187664,송파구,POINT (963251.0844567856 1945946.6060628523)
서울특별시 송파구 백제고분로 275 (석촌동 지하1층일부2층일부5층6층),의원,127.0973375681,37.5027771313,송파구,POINT (964409.8794618623 1944910.5613347783)
서울특별시 송파구 송파대로 558 (신천동 월드타워 305호),의원,127.09964292775597,37.51507211737837,송파구,POINT (964619.4477300975 1946273.741007336)
서울특별시 송파구 올림픽로35길 123 2층 (신천동 향군타워),의원,127.10124894491976,37.51661507134103,송파구,POINT (964762.1015817685 1946444.3192051924)
서울특별시 송파구 백제고분로 214 서울외과빌딩 (삼전동),의원,127.0903039106644,37.50342062939363,송파구,POINT (963788.5036977287 1944984.6363997736)
서울특별시 송파구 올림픽로 336 대우유토피아오피스텔 2층 (방이동),의원,127.107455494042,37.5153960266549,송파구,POINT (965310.0164636212 1946306.7674133095)
서울특별시 송파구 올림픽로 114 서경빌딩 3층 (잠실동),의원,127.0831877854,37.5113907369,송파구,POINT (963163.4499024668 1945871.6303406144)
서울특별시 송파구 석촌호수로 118 규영빌딩 3층 (잠실동),의원,127.090022604816,37.5074380650118,송파구,POINT (963765.5817841111 1945430.4529916046)
서울특별시 송파구 올림픽로35길 112 장미아파트 비상가 2동 3층 301302303316318호 (신천동),의원,127.10180492697252,37.51788140382211,송파구,POINT (964811.8289271757 1946584.6026758822)
서울특별시 송파구 올림픽로 92 잠실두성빌딩 4층 (잠실동),의원,127.080829034455,37.5114749966385,송파구,POINT (962955.0316030048 1945881.9044730982)
서울특별시 송파구 석촌호수로 61 트리지움 306호307호 (잠실동),의원,127.08621372836966,37.510700199929545,송파구,POINT (963430.5375210693 1945793.8393397562)
서울특별시 송파구 올림픽로 212 2층 210호 (잠실동 갤러리아팰리스),의원,127.094231575378,37.5107067799275,송파구,POINT (964139.1423508434 1945791.4834061705)
서울특별시 송파구 송파대로 422 (송파동 3층),의원,127.1077781450003,37.50495660196226,송파구,POINT (965333.7022032854 1945148.4620539625)
서울특별시 송파구 송파대로 562 (신천동),의원,127.09950300358985,37.51532451630079,송파구,POINT (964607.201428785 1946301.7956891996)
서울특별시 송파구 올림픽로35길 112 장미B상가 제2동 305호 (신천동),의원,127.10208163555112,37.51802433112292,송파구,POINT (964836.3486080606 1946600.3560949168)
서울특별시 송파구 올림픽로37길 130 파크리오 A상가 5층 502503 519호 (신천동),의원,127.104421421949,37.5208819816451,송파구,POINT (965044.4471884519 1946916.522438695)
서울특별시 송파구 석촌호수로 61 트리지움 3층 304호 (잠실동),의원,127.086211355223,37.5107020036631,송파구,POINT (963430.3286669857 1945794.040374774)
서울특별시 송파구 올림픽로 289 잠실시그마타워 305호 (신천동),의원,127.102524405,37.5146155457,송파구,POINT (964873.8781323095 1946222.007610169)
서울특별시 송파구 올림픽로 289 잠실시그마타워 신천동동 3층 314호 (신천동),의원,127.102522142353,37.5146152773177,송파구,POINT (964873.6780487178 1946221.9786796113)
서울특별시 송파구 올림픽로 114 서경빌딩 10층 일부호 (잠실동),의원,127.083186991735,37.5113890255791,송파구,POINT (963163.3789194856 1945871.4407911887)
서울특별시 송파구 올림픽로 293-19 (신천동 현대타워 104호),의원,127.10250308512045,37.51515520035037,송파구,POINT (964872.2469696949 1946281.8868099218)
서울특별시 송파구 오금로 81 송파빌딩 15층 (방이동),의원,127.10722150508384,37.515108729121536,송파구,POINT (965289.2052177835 1946274.9798886245)
서울특별시 송파구 올림픽로 116 (잠실동 메디시티빌딩 6층),의원,127.08349087115369,37.51135448292844,송파구,POINT (963190.2179851662 1945867.4895804548)
서울특별시 송파구 올림픽로 145 (잠실동 5층 B18호),의원,127.08701673672552,37.51196348093145,송파구,POINT (963502.1209885435 1945933.6805056164)
서울특별시 송파구 올림픽로 96 동신빌딩 4층 401호 (잠실동),의원,127.081212794079,37.5114638312604,송파구,POINT (962988.9416764806 1945880.5147245156)
서울특별시 송파구 송파대로 558 월드타워빌딩 2층 201호 (신천동),의원,127.09971082383925,37.5150936841648,송파구,POINT (964625.4580815398 1946276.1081747285)
서울특별시 송파구 올림픽로35길 112 2동 304호 (신천동 장미B상가),의원,127.10152012944154,37.517686033415714,송파구,POINT (964786.5696909932 1946563.0341256345)
서울특별시 송파구 올림픽로43길 88 서울아산병원 (풍납동),종합병원,127.10823825113609,37.526563966361216,송파구,POINT (965384.3504762556 1947545.4917883177)
서울특별시 송파구 가락로 113 (석촌동 3층),의원,127.10856047233406,37.50162216622287,송파구,POINT (965401.3093317352 1944778.240578704)
서울특별시 송파구 오금로31길 11 (방이동),의원,127.12148779778826,37.50706876797814,송파구,POINT (966546.3690249403 1945377.8308880995)
서울특별시 송파구 중대로 68 401호 (문정동 훼미리 샤르망),의원,127.11643752861484,37.49156574962301,송파구,POINT (966093.0055159183 1943659.682568154)
서울특별시 송파구 성내천로 261 (마천동 2층),의원,127.1543165064105,37.49729688617277,송파구,POINT (969443.8605230779 1944282.5423044942)
서울특별시 송파구 올림픽로35길 10 상가B동 202호 (신천동 파크리오),의원,127.1132650487,37.5203144895,송파구,POINT (965825.6641974353 1946850.3133613225)
서울특별시 송파구 백제고분로 173 (잠실동 2층),의원,127.08614485954033,37.50510571712064,송파구,POINT (963421.721292312 1945173.1943429522)
서울특별시 송파구 오금로 504 하나빌딩 3층 (거여동),의원,127.14464589592482,37.492853654187165,송파구,POINT (968587.1785681787 1943792.779729832)
서울특별시 송파구 중대로 68 (문정동 훼밀리샤르망 302호),의원,127.11643304422336,37.491577460156094,송파구,POINT (966092.6143870997 1943660.9833866644)
서울특별시 송파구 올림픽로 145 리센츠 4층 4B154B16호 (잠실동),의원,127.087041904838,37.5119804600106,송파구,POINT (963504.3535274552 1945935.5544637023)
서울특별시 송파구 석촌호수로 61 트리지움 상가 3층 (잠실동),의원,127.08621372836964,37.510700199929545,송파구,POINT (963430.5375210671 1945793.8393397562)
서울특별시 송파구 송파대로28길 27 (가락동 성원상떼빌상가 102동 214호),의원,127.12058755111973,37.49533803235585,송파구,POINT (966461.5565694292 1944076.704783169)
서울특별시 송파구 송이로 239 도은빌딩 2층 (문정동),의원,127.13172838908994,37.4880501783866,송파구,POINT (967443.1996390236 1943264.2564557444)
서울특별시 송파구 송이로 87 (가락동 3층),의원,127.12079511342094,37.49834054649493,송파구,POINT (966481.2462836378 1944409.7394274129)
서울특별시 송파구 마천로 262 (거여동),의원,127.14580285771736,37.49816365594234,송파구,POINT (968691.6695611096 1944381.5023892983)
서울특별시 송파구 동남로 138 삼원빌딩 4층 일부호 (문정동),의원,127.1262428071391,37.491123195595705,송파구,POINT (966959.6022988261 1943607.0975782804)
서울특별시 송파구 동남로 200 (가락동),의원,127.130921016993,37.49514109145785,송파구,POINT (967374.9085913372 1944051.2237511503)
서울특별시 송파구 석촌호수로 60 (잠실동 승정빌딩 2층 4호),의원,127.08547430827106,37.51095572149124,송파구,POINT (963365.3138933509 1945822.475454876)
서울특별시 송파구 백제고분로48길 17 (방이동),의원,127.11525562558074,37.51125477202581,송파구,POINT (965997.454473269 1945844.474501083)
서울특별시 송파구 가락로 61 석촌빌딩 2층 (석촌동),의원,127.103136561682,37.4998977327134,송파구,POINT (964921.0901445457 1944588.9339422279)
서울특별시 송파구 백제고분로 214 서울외과빌딩 12층 (삼전동),의원,127.0903039107,37.5034206294,송파구,POINT (963788.5037008781 1944984.6364004668)
서울특별시 송파구 양재대로 932 업무동 5층 891010-2호 (가락동),의원,127.11560250939648,37.4950726515103,송파구,POINT (966020.7781726957 1944049.0504768018)
서울특별시 송파구 새말로8길 27 (문정동 봉의빌딩 2층),의원,127.12694811776528,37.48026349460982,송파구,POINT (967017.1785505768 1942402.0425747319)
서울특별시 송파구 마천로57길 5 마천빌딩 4층 (마천동),의원,127.151910198472,37.4945339234892,송파구,POINT (969230.0245093569 1943976.794561837)
서울특별시 송파구 올림픽로35길 124 (신천동 장미A상가1동 3층 8호9호  ),의원,127.1020906316074,37.5179846796498,송파구,POINT (964837.124977868 1946595.9536521898)
서울특별시 송파구 올림픽로 116-1 신원빌딩 5층 (잠실동),의원,127.08363117564986,37.51140123588888,송파구,POINT (963202.6406700993 1945872.6216439474)
서울특별시 송파구 오금로 176 지인빌딩 지하12456층 (송파동),의원,127.113838998649,37.5090554495244,송파구,POINT (965871.2554097347 1945600.9868574545)
서울특별시 송파구 올림픽로 100 (잠실동 3층),의원,127.0816902803217,37.5114170101962,송파구,POINT (963031.1174682826 1945875.1325136386)
서울특별시 송파구 충민로 52 가든파이브웍스 3층 S305S306호 (문정동),의원,127.1227471715,37.4777162766,송파구,POINT (966644.6246065461 1942120.9267068105)
서울특별시 송파구 법원로 114 엠스테이트 A동 206호 (문정동),의원,127.12100938212,37.4860552797801,송파구,POINT (966494.6986292249 1943046.6971961868)
서울특별시 송파구 거마로 61 지하1층일부302호 (마천동 한스어반타워),의원,127.1464163729,37.4984737508,송파구,POINT (968746.0290531355 1944415.7013911908)
서울특별시 송파구 동남로 141 2층 (가락동 옥산빌딩),의원,127.12611838400088,37.49194096729704,송파구,POINT (966948.9635062562 1943697.8673846463)
서울특별시 송파구 오금로 507 4층 402호 (거여동 거여빌딩),의원,127.145182400016,37.4932343921124,송파구,POINT (968634.7641801205 1943834.8410621756)
서울특별시 송파구 새말로8길 6 (문정동 2층),의원,127.12637369218574,37.48228197428752,송파구,POINT (966967.2799892379 1942626.1799484384)
서울특별시 송파구 백제고분로 463 302호303호 (방이동),의원,127.1125510705,37.5119034061,송파구,POINT (965758.7294380545 1945917.4170376305)
서울특별시 송파구 석촌호수로 130 4층 402호 (삼전동 신원빌딩),의원,127.09129108923187,37.507282332781394,송파구,POINT (963877.6177992143 1945412.6878228888)
서울특별시 송파구 가락로 113 (석촌동 2층),의원,127.10855485035172,37.501644696526384,송파구,POINT (965400.8228085067 1944780.7422328559)
서울특별시 송파구 올림픽로 116-1 (잠실동 신원빌딩 8층),의원,127.0836311756,37.5114012359,송파구,POINT (963202.6406656995 1945872.6216452)
서울특별시 송파구 백제고분로 187 3층 304호 (잠실동 파크인수),의원,127.08778118676908,37.50474520662763,송파구,POINT (963566.1723128186 1945132.5632794462)
서울특별시 송파구 올림픽로 145 5층 14호15호 (잠실동 리센츠상가),의원,127.08660954055952,37.51195296299191,송파구,POINT (963466.1292613127 1945932.6716366005)
서울특별시 송파구 오금로 512 (거여동 2차쌍용APT상가 208호),의원,127.14555566480354,37.49282347298324,송파구,POINT (968667.5885655778 1943789.128125224)
서울특별시 송파구 마천로51길 2 2층 (마천동 수정빌딩),의원,127.1505222965,37.4955204996,송파구,POINT (969107.7445935364 1944086.7029611177)
서울특별시 송파구 송파대로 374 (송파동 성진빌딩 2층),의원,127.1112142130314,37.5012656025124,송파구,POINT (965635.7065993648 1944737.7099281957)
서울특별시 송파구 동남로 141 (가락동 501호),의원,127.12631276730734,37.49187589016782,송파구,POINT (966966.1183424386 1943690.5792943903)
서울특별시 송파구 중대로 68 훼미리 샤르망 402403호 (문정동),의원,127.116437188825,37.4915653895479,송파구,POINT (966092.975315545 1943659.6427426843)
서울특별시 송파구 올림픽로 106 상록빌딩 6층 (잠실동),의원,127.08255439190562,37.51139478532904,송파구,POINT (963107.4743155888 1945872.327646496)
서울특별시 송파구 송이로 138 수빌딩 2층 (가락동),의원,127.1234934863264,37.49429043694104,송파구,POINT (966717.9649420143 1943959.449774089)
서울특별시 송파구 송파대로 345 1A동 3층 3056호3057호 (가락동 헬리오시티),의원,127.11175423236686,37.49938740378664,송파구,POINT (965682.5788545267 1944529.1392943594)
서울특별시 송파구 양산로 42 4층 (거여동),의원,127.14448263942047,37.49263400837605,송파구,POINT (968572.6548331484 1943768.466043167)
서울특별시 송파구 백제고분로7길 14 태원빌딩 (잠실동),의원,127.08047654953972,37.510275369988975,송파구,POINT (962923.2865901038 1945748.9523814009)
서울특별시 송파구 양재대로 1222 (방이동 올림픽프라자상가 326327호),의원,127.13106214421488,37.51572619570997,송파구,POINT (967396.3371906561 1946334.9551726081)
서울특별시 송파구 올림픽로 119 잠실파인애플상가 5층 제5B 02호 (잠실동),의원,127.08418616626,37.512084433428,송파구,POINT (963252.0241713951 1945948.2011560933)
서울특별시 송파구 올림픽로35길 10 상가B동 2층 212호 (신천동 파크리오),의원,127.1132650487,37.5203144895,송파구,POINT (965825.6641974353 1946850.3133613225)
서울특별시 송파구 오금로 518 2~6층 (거여동),의원,127.14632043467796,37.49276238554848,송파구,POINT (968735.1679744484 1943782.096615847)
서울특별시 송파구 중대로 97 2층 (가락동),의원,127.11931720685,37.4931694615767,송파구,POINT (966348.2901213344 1943836.570052339)
서울특별시 송파구 올림픽로 240 (잠실동 롯데마트 잠실점 5층),의원,127.0981137822616,37.51119809048434,송파구,POINT (964482.476937415 1945844.5186459054)
서울특별시 송파구 석촌호수로 61 (잠실동 트리지움상가 515호),의원,127.0862137284,37.51070019990001,송파구,POINT (963430.5375237353 1945793.8393364677)
서울특별시 송파구 올림픽로35길 112 장미아파트 비상가 2동 501호 (신천동),의원,127.1013888245262,37.51761766882368,송파구,POINT (964774.9341687122 1946555.4986617086)
서울특별시 송파구 오금로 507 (거여동 2층),의원,127.14518146826983,37.49320978890466,송파구,POINT (968634.6715264425 1943832.1118172144)
서울특별시 송파구 송파대로 380 (송파동 2층),의원,127.1108483787,37.5016732075,송파구,POINT (965603.5578110871 1944783.0646279317)
서울특별시 송파구 동남로 215 2층 (가락동),의원,127.13157674081916,37.496595052522295,송파구,POINT (967433.503517261 1944212.3037164581)
서울특별시 송파구 위례성대로 136 지하1층 2층층 (방이동),의원,127.12649958704075,37.51196137187669,송파구,POINT (966991.4767304595 1945918.863259504)
서울특별시 송파구 오금로 507 5층 (거여동),의원,127.14518108258686,37.49326001268726,송파구,POINT (968634.6584355562 1943837.683926422)
서울특별시 송파구 올림픽로 491 세제빌딩 4층9층 (풍납동),의원,127.1175685861,37.526365018,송파구,POINT (966208.6823925464 1947520.0268737383)
서울특별시 송파구 마천로 262 (거여동),의원,127.14578243033635,37.498126739919385,송파구,POINT (968689.848516792 1944377.4136041426)
서울특별시 송파구 동남로 178 1층 (가락동),의원,127.13090519023112,37.49514381201492,송파구,POINT (967373.510747975 1944051.531064094)
서울특별시 송파구 석촌호수로 58 2층 (잠실동),의원,127.08544958209843,37.51109359302024,송파구,POINT (963363.1960395133 1945837.7810470082)
서울특별시 송파구 올림픽로 289 잠실시그마타워 12층 1201호 (신천동),의원,127.102522142353,37.5146152773177,송파구,POINT (964873.6780487178 1946221.9786796113)
서울특별시 송파구 석촌호수로 118 4층 (잠실동),의원,127.09002457835078,37.50745627998253,송파구,POINT (963765.7650131376 1945432.4730647197)
서울특별시 송파구 백제고분로 231 (삼전동),의원,127.09238566017729,37.503356749559565,송파구,POINT (963972.4718243558 1944976.7503677944)
서울특별시 송파구 송파대로 425 2층 (석촌동),의원,127.107131495986,37.5046823000688,송파구,POINT (965276.4212322118 1945118.2684707425)
서울특별시 송파구 송파대로 167 A동 309호 (문정동 문정역테라타워),의원,127.12083270243367,37.48452578576352,송파구,POINT (966478.3955225367 1942877.0734314166)
서울특별시 송파구 올림픽로 366 (방이동 파라다이스빌 201호),의원,127.11079843483698,37.51653535118618,송파구,POINT (965605.9632564004 1946431.940850915)
서울특별시 송파구 송파대로 345 1A동 3층 3017호 (가락동 헬리오시티),의원,127.11175431293312,37.49944146405646,송파구,POINT (965682.610716547 1944535.136889551)
서울특별시 송파구 동남로 189 가락쌍용아파트 2층 224호 (가락동),의원,127.13393459270505,37.49764882400934,송파구,POINT (967642.3794849287 1944328.3992825327)
서울특별시 송파구 위례성대로 178 올림픽빌딩 2층 (오금동),의원,127.13069059230632,37.51022688185875,송파구,POINT (967361.1076552572 1945724.9709355806)
서울특별시 송파구 올림픽로35가길 10 2층 210호 (신천동 잠실 더샵스타파크),의원,127.10223797137304,37.51691155044935,송파구,POINT (964849.641944899 1946476.8417026824)
서울특별시 송파구 올림픽로 106 상록빌딩 5층 (잠실동),의원,127.0825543919,37.5113947853,송파구,POINT (963107.4743150799 1945872.3276432762)
서울특별시 송파구 올림픽로 509 4층 (풍납동 제이빌딩),의원,127.11859369914026,37.527783111820845,송파구,POINT (966299.8988274088 1947676.9878005746)
서울특별시 송파구 삼전로 66 SM76(순명빌딩) 34층 (삼전동),의원,127.088600606506,37.5044867271928,송파구,POINT (963638.4714263048 1945103.5697447094)
서울특별시 송파구 오금로 404 (가락동 원일빌딩 4층),의원,127.13517914940256,37.49762177438875,송파구,POINT (967752.3783460656 1944324.9711804301)
서울특별시 송파구  오금로  507 (거여동),의원,127.145182400016,37.4932343921124,송파구,POINT (968634.7641801205 1943834.8410621756)
서울특별시 송파구 올림픽로 119 (잠실동 파인애플상가 5B29),의원,127.08418842973086,37.5120856031269,송파구,POINT (963252.2247823677 1945948.3300427215)
서울특별시 송파구 올림픽로 145 (잠실동 리센츠상가 5층 B01-2),의원,127.08704314734736,37.51197901749544,송파구,POINT (963504.4626337558 1945935.3939439103)
서울특별시 송파구 올림픽로 145 (잠실동 리센츠),의원,127.0870431473,37.5119790175,송파구,POINT (963504.4626295732 1945935.3939444348)
서울특별시 송파구 올림픽로 106 (잠실동 3층),의원,127.0825543919,37.5113947853,송파구,POINT (963107.4743150799 1945872.3276432762)
서울특별시 송파구 거마로 4 굿플란트빌딩 3층 (거여동),의원,127.1448594509916,37.49335435209985,송파구,POINT (968606.2661844739 1943848.2574495105)
서울특별시 송파구 올림픽로4길 48 (잠실동 프리마상가 301-1호),의원,127.07432089820024,37.50654438017632,송파구,POINT (962377.3863049158 1945337.466290567)
서울특별시 송파구 백제고분로 262 2층 (삼전동),의원,127.095398831219,37.5022670319477,송파구,POINT (964238.276301992 1944854.704114911)
서울특별시 송파구 충민로 181 로체프라자 211호~223호 (장지동),의원,127.133433044505,37.4860097360497,송파구,POINT (967593.0176632546 1943037.2955298016)
서울특별시 송파구 마천로51길 2 (마천동 3층 4층),의원,127.15043055555556,37.495552777777775,송파구,POINT (969099.6483800989 1944090.3141153608)
서울특별시 송파구 동남로 138 (문정동),의원,127.12626627219228,37.49111549556277,송파구,POINT (966961.6732421179 1943606.2350771646)
서울특별시 송파구 올림픽로 305 잠실역8호선 지하1층 102호 (신천동),의원,127.10421637903,37.5149771693164,송파구,POINT (965023.5723922811 1946261.497098189)
서울특별시 송파구 송파대로 382 (송파동 송파두성빌딩),의원,127.110690353258,37.50187878487567,송파구,POINT (965589.6845033551 1944805.9298364066)
서울특별시 송파구 동남로 138 (문정동 3층),의원,127.12615801156778,37.49111787315195,송파구,POINT (966952.1039380721 1943606.536855349)
서울특별시 송파구 풍성로 55 1층 101호 (풍납동),의원,127.1186711985,37.5339683637,송파구,POINT (966309.528751688 1948363.1757746404)
서울특별시 송파구 올림픽로 435 (신천동 상가A동 504호),의원,127.10497253896604,37.52136010565039,송파구,POINT (965093.3699421183 1946969.362654963)
서울특별시 송파구 풍성로25나길 4 1층 (풍납동),의원,127.1203386382451,37.53521726484682,송파구,POINT (966457.4073005522 1948501.1377338714)
서울특별시 송파구 송파대로 167 B동 310호 (문정동 문정역테라타워),의원,127.1209313822,37.4846631223,송파구,POINT (966487.181029509 1942892.2748273124)
서울특별시 송파구 풍성로 55 1층 (풍납동),의원,127.118672783875,37.5339692631435,송파구,POINT (966309.669225021 1948363.2749944848)
서울특별시 송파구 마천로5길 4 (오금동 삼대양빌딩 5층 가호),의원,127.12673842069503,37.508721105585245,송파구,POINT (967011.1579745106 1945559.2931743166)
서울특별시 송파구 올림픽로35길 10 B상가동 5층 506호 (신천동 파크리오),의원,127.113265047998,37.5203140390086,송파구,POINT (965825.6639299375 1946850.2633824018)
서울특별시 송파구 바람드리길 34 2층 (풍납동),의원,127.11946212242738,37.53754543264647,송파구,POINT (966381.0131757817 1948759.74689325)
서울특별시 송파구 백제고분로 91 LK 빌딩 3층 (잠실동),의원,127.07949103207,37.5086445885442,송파구,POINT (962835.3794196084 1945568.4164030196)
서울특별시 송파구 올림픽로35다길 42 601호 (신천동 한국루터회관),의원,127.1030682174,37.5152529828,송파구,POINT (964922.2350373516 1946292.5242986458)
서울특별시 송파구 가락로 113 (석촌동 34층),의원,127.10856053755924,37.50166721643714,송파구,POINT (965401.3358847892 1944783.238576404)
서울특별시 송파구 올림픽로 102 10층 (잠실동 서일빌딩),의원,127.0819617444,37.5114240302,송파구,POINT (963055.1121714748 1945875.8047143738)
서울특별시 송파구 백제고분로 503 유정빌딩 25층 (방이동),의원,127.11487735293976,37.51537183231128,송파구,POINT (965965.8933580737 1946301.3725362087)
서울특별시 송파구 양재대로60길 3-13 가락동 문산부인과 (가락동),의원,127.11715540396976,37.49892741699868,송파구,POINT (966159.7879558055 1944476.1511736403)
서울특별시 송파구 삼학사로 93 크로바빌딩 245층 (삼전동),의원,127.096885204202,37.5056738743427,송파구,POINT (964371.2728250693 1945232.1071379837)
서울특별시 송파구 오금로 306 2층 1호 (가락동 가락스타클래스),의원,127.1256706887,37.5032981984,송파구,POINT (966914.3983258621 1944958.0324153046)
서울특별시 송파구 충민로2길 28 (장지동 대진프라자 304호),의원,127.12744715831532,37.47718600487626,송파구,POINT (967059.9497927651 1942060.4423824018)
서울특별시 송파구 풍성로25길 41 (풍납동 2층),의원,127.12147524071128,37.5370000760506,송파구,POINT (966558.621188624 1948698.5250597785)
서울특별시 송파구 올림픽로45길 19 풍성빌딩 2층3층 (풍납동),의원,127.11584122352956,37.5270361809242,송파구,POINT (966056.357610141 1947595.11019373)
서울특별시 송파구 마천로 53 3층 (오금동),의원,127.12665444700588,37.50854459247224,송파구,POINT (967003.6586588939 1945539.7396486439)
서울특별시 송파구 오금로 506 (거여동 3층),의원,127.14486818779206,37.49284232909705,송파구,POINT (968606.8241938656 1943791.4491320318)
서울특별시 송파구 송파대로 562 3층 (신천동 한빛프라자삼성웰리스아파트),의원,127.0995443168922,37.51533068405214,송파구,POINT (964610.8553040072 1946302.464421392)
서울특별시 송파구 송이로 144 유진빌딩 3층 (가락동),의원,127.123900079395,37.4939203282553,송파구,POINT (966753.7426114373 1943918.245063319)
서울특별시 송파구 올림픽로 269 359층 (신천동 롯데캐슬골드),의원,127.10093181766976,37.51419066517243,송파구,POINT (964732.9358393068 1946175.4656006696)
서울특별시 송파구 마천로 29 2층3층 (방이동),의원,127.12424245537191,37.50953105696645,송파구,POINT (966790.9226756968 1945650.029922225)
서울특별시 송파구 올림픽로35길 10 (신천동),의원,127.11339664972752,37.5203207044683,송파구,POINT (965837.2961726347 1946850.9550737832)
서울특별시 송파구 송파대로 445 한솔병원 (석촌동),병원,127.1059147387532,37.50607824298996,송파구,POINT (965169.5265744528 1945273.5888204523)
서울특별시 송파구 백제고분로 463 웅산빌딩 2층 (방이동),의원,127.11255107053653,37.511903406087946,송파구,POINT (965758.7294412758 1945917.41703628)
서울특별시 송파구 올림픽로 130 (잠실동),의원,127.08499862857516,37.51137592638591,송파구,POINT (963323.4800012526 1945869.279813542)
서울특별시 송파구 백제고분로 349 가동 2층 (석촌동),의원,127.10495350322869,37.50453658052494,송파구,POINT (965083.8512589532 1945102.907711897)
서울특별시 송파구 올림픽로 106 (잠실동 5층),의원,127.08249227416874,37.51145879372431,송파구,POINT (963102.0160306724 1945879.4533274919)
서울특별시 송파구 오금로 410 봉규빌딩 5층 (가락동),의원,127.135434067417,37.4974357385,송파구,POINT (967774.8314593971 1944304.2444586372)
서울특별시 송파구 올림픽로 435 (신천동 파크리오상가A동 5층17호),의원,127.104971745978,37.5213592954462,송파구,POINT (965093.2994919271 1946969.2730621386)
서울특별시 송파구 삼전로 84 7층 (삼전동),의원,127.089703096961,37.5058328075827,송파구,POINT (963736.5665721663 1945252.4831756253)
서울특별시 송파구 마천로 41 4층 (방이동 수기빌딩),의원,127.1255129327,37.5090467756,송파구,POINT (966902.9927890112 1945595.8544574627)
서울특별시 송파구 오금로 543 6층 (거여동),의원,127.1456506627,37.493176782,송파구,POINT (968676.1338350624 1943828.2936943474)
서울특별시 송파구 동남로 236 (가락동 영빌딩 34층),의원,127.13351823174808,37.49753396657149,송파구,POINT (967605.526342888 1944315.7998514988)
서울특별시 송파구 양재대로 1222 (방이동),의원,127.13276352897756,37.51564082402556,송파구,POINT (967546.655010756 1946324.8954974848)
서울특별시 송파구 올림픽로35길 112 2동 323324호 (신천동 장미아파트 비상가),의원,127.101804927,37.5178814038,송파구,POINT (964811.8289295937 1946584.6026734186)
서울특별시 송파구 새말로8길 27 (문정동 3층),의원,127.1269481178,37.4802634946,송파구,POINT (967017.1785536432 1942402.04257363)
서울특별시 송파구 마천로 264 2층 3호 (거여동 흥일빌딩),의원,127.1461487221,37.4980812438,송파구,POINT (968722.20706723 1944372.2443339676)
서울특별시 송파구 송이로 87 4층 (가락동 동서울크리닉),의원,127.12079511342094,37.49834054649493,송파구,POINT (966481.2462836378 1944409.7394274129)
서울특별시 송파구 석촌호수로 160 (삼전동 4층),의원,127.09480355222112,37.50666702263055,송파구,POINT (964187.7626120516 1945343.080633523)
서울특별시 송파구 송파대로 345 1A동 5층 5007호일부5008호 (가락동 헬리오시티),의원,127.11184464939794,37.499351277986506,송파구,POINT (965690.5544067555 1944525.0984149321)
서울특별시 송파구 가락로 244 201호 (방이동 동원빌딩),의원,127.11819192109638,37.5098517101648,송파구,POINT (966256.3247829281 1945687.7568822694)
서울특별시 송파구 백제고분로 212 2층 (삼전동 아미빌딩),의원,127.09008775491664,37.50349184243076,송파구,POINT (963769.4328317147 1944992.620214401)
서울특별시 송파구 충민로2길 34 (장지동 북일프라자 301호),의원,127.12750870391184,37.47681709653847,송파구,POINT (967065.2296010097 1942019.4931222387)
